"Month","Region","Number of Passangers"
2005-01-01,"UK",520535
2005-01-01,"EU",1744522
2005-01-01,"Non-EU Europe",296634
2005-01-01,"Africa",358609
2005-01-01,"North America",1019101
2005-01-01,"Latin America",84992
2005-01-01,"Middle East",351909
2005-01-01,"Asia / Pacific",764821
2005-01-01,"Total",5141123
2005-02-01,"UK",499676
2005-02-01,"EU",1750604
2005-02-01,"Non-EU Europe",284788
2005-02-01,"Africa",306822
2005-02-01,"North America",880957
2005-02-01,"Latin America",69034
2005-02-01,"Middle East",292150
2005-02-01,"Asia / Pacific",669560
2005-02-01,"Total",4753591
2005-03-01,"UK",588602
2005-03-01,"EU",2090599
2005-03-01,"Non-EU Europe",336179
2005-03-01,"Africa",345153
2005-03-01,"North America",1151386
2005-03-01,"Latin America",72028
2005-03-01,"Middle East",334172
2005-03-01,"Asia / Pacific",790508
2005-03-01,"Total",5708627
2005-04-01,"UK",568420
2005-04-01,"EU",2087496
2005-04-01,"Non-EU Europe",321400
2005-04-01,"Africa",302564
2005-04-01,"North America",1179010
2005-04-01,"Latin America",70882
2005-04-01,"Middle East",313878
2005-04-01,"Asia / Pacific",729372
2005-04-01,"Total",5573022
2005-05-01,"UK",559711
2005-05-01,"EU",2198082
2005-05-01,"Non-EU Europe",320871
2005-05-01,"Africa",276538
2005-05-01,"North America",1224247
2005-05-01,"Latin America",65004
2005-05-01,"Middle East",290197
2005-05-01,"Asia / Pacific",701971
2005-05-01,"Total",5636621
2005-06-01,"UK",578167
2005-06-01,"EU",2274306
2005-06-01,"Non-EU Europe",346605
2005-06-01,"Africa",292420
2005-06-01,"North America",1333320
2005-06-01,"Latin America",68016
2005-06-01,"Middle East",316121
2005-06-01,"Asia / Pacific",791253
2005-06-01,"Total",6000208
2005-07-01,"UK",591089
2005-07-01,"EU",2432169
2005-07-01,"Non-EU Europe",394557
2005-07-01,"Africa",348344
2005-07-01,"North America",1368455
2005-07-01,"Latin America",78329
2005-07-01,"Middle East",379237
2005-07-01,"Asia / Pacific",864763
2005-07-01,"Total",6456943
2005-08-01,"UK",543530
2005-08-01,"EU",2293540
2005-08-01,"Non-EU Europe",354555
2005-08-01,"Africa",347436
2005-08-01,"North America",1289470
2005-08-01,"Latin America",76004
2005-08-01,"Middle East",390160
2005-08-01,"Asia / Pacific",825444
2005-08-01,"Total",6120139
2005-09-01,"UK",578379
2005-09-01,"EU",2293180
2005-09-01,"Non-EU Europe",331109
2005-09-01,"Africa",343706
2005-09-01,"North America",1256625
2005-09-01,"Latin America",71943
2005-09-01,"Middle East",346909
2005-09-01,"Asia / Pacific",820169
2005-09-01,"Total",6042020
2005-10-01,"UK",572443
2005-10-01,"EU",2185139
2005-10-01,"Non-EU Europe",320341
2005-10-01,"Africa",328460
2005-10-01,"North America",1147451
2005-10-01,"Latin America",74435
2005-10-01,"Middle East",284815
2005-10-01,"Asia / Pacific",799990
2005-10-01,"Total",5713074
2005-11-01,"UK",560840
2005-11-01,"EU",1876003
2005-11-01,"Non-EU Europe",271114
2005-11-01,"Africa",321150
2005-11-01,"North America",1046368
2005-11-01,"Latin America",68194
2005-11-01,"Middle East",295594
2005-11-01,"Asia / Pacific",768959
2005-11-01,"Total",5208222
2005-12-01,"UK",514052
2005-12-01,"EU",1889463
2005-12-01,"Non-EU Europe",293398
2005-12-01,"Africa",333397
2005-12-01,"North America",1071843
2005-12-01,"Latin America",69927
2005-12-01,"Middle East",337341
2005-12-01,"Asia / Pacific",823439
2005-12-01,"Total",5332860
2006-01-01,"UK",482042
2006-01-01,"EU",1707444
2006-01-01,"Non-EU Europe",294154
2006-01-01,"Africa",348473
2006-01-01,"North America",984269
2006-01-01,"Latin America",71451
2006-01-01,"Middle East",340488
2006-01-01,"Asia / Pacific",884397
2006-01-01,"Total",5112718
2006-02-01,"UK",466288
2006-02-01,"EU",1700731
2006-02-01,"Non-EU Europe",291266
2006-02-01,"Africa",303906
2006-02-01,"North America",851907
2006-02-01,"Latin America",64866
2006-02-01,"Middle East",281041
2006-02-01,"Asia / Pacific",774683
2006-02-01,"Total",4734688
2006-03-01,"UK",536854
2006-03-01,"EU",1944872
2006-03-01,"Non-EU Europe",337208
2006-03-01,"Africa",323002
2006-03-01,"North America",1094644
2006-03-01,"Latin America",71628
2006-03-01,"Middle East",317001
2006-03-01,"Asia / Pacific",865934
2006-03-01,"Total",5491143
2006-04-01,"UK",517297
2006-04-01,"EU",2135356
2006-04-01,"Non-EU Europe",349608
2006-04-01,"Africa",311459
2006-04-01,"North America",1215850
2006-04-01,"Latin America",74592
2006-04-01,"Middle East",352476
2006-04-01,"Asia / Pacific",855293
2006-04-01,"Total",5811931
2006-05-01,"UK",526098
2006-05-01,"EU",2186677
2006-05-01,"Non-EU Europe",336763
2006-05-01,"Africa",268513
2006-05-01,"North America",1238134
2006-05-01,"Latin America",65930
2006-05-01,"Middle East",309742
2006-05-01,"Asia / Pacific",784884
2006-05-01,"Total",5716741
2006-06-01,"UK",533346
2006-06-01,"EU",2288922
2006-06-01,"Non-EU Europe",373002
2006-06-01,"Africa",289467
2006-06-01,"North America",1366808
2006-06-01,"Latin America",65983
2006-06-01,"Middle East",343261
2006-06-01,"Asia / Pacific",861441
2006-06-01,"Total",6122230
2006-07-01,"UK",547759
2006-07-01,"EU",2417696
2006-07-01,"Non-EU Europe",419787
2006-07-01,"Africa",343288
2006-07-01,"North America",1380565
2006-07-01,"Latin America",69392
2006-07-01,"Middle East",411265
2006-07-01,"Asia / Pacific",943339
2006-07-01,"Total",6533091
2006-08-01,"UK",459692
2006-08-01,"EU",2184224
2006-08-01,"Non-EU Europe",367379
2006-08-01,"Africa",339174
2006-08-01,"North America",1253408
2006-08-01,"Latin America",62677
2006-08-01,"Middle East",415791
2006-08-01,"Asia / Pacific",905410
2006-08-01,"Total",5987755
2006-09-01,"UK",501908
2006-09-01,"EU",2199072
2006-09-01,"Non-EU Europe",351704
2006-09-01,"Africa",329768
2006-09-01,"North America",1229334
2006-09-01,"Latin America",52645
2006-09-01,"Middle East",349137
2006-09-01,"Asia / Pacific",883175
2006-09-01,"Total",5896743
2006-10-01,"UK",508136
2006-10-01,"EU",2125340
2006-10-01,"Non-EU Europe",338949
2006-10-01,"Africa",319087
2006-10-01,"North America",1113241
2006-10-01,"Latin America",53489
2006-10-01,"Middle East",312741
2006-10-01,"Asia / Pacific",859509
2006-10-01,"Total",5630492
2006-11-01,"UK",495123
2006-11-01,"EU",1822034
2006-11-01,"Non-EU Europe",290619
2006-11-01,"Africa",336185
2006-11-01,"North America",982472
2006-11-01,"Latin America",58883
2006-11-01,"Middle East",305119
2006-11-01,"Asia / Pacific",808659
2006-11-01,"Total",5099094
2006-12-01,"UK",419976
2006-12-01,"EU",1761476
2006-12-01,"Non-EU Europe",323954
2006-12-01,"Africa",353671
2006-12-01,"North America",1053075
2006-12-01,"Latin America",70010
2006-12-01,"Middle East",358387
2006-12-01,"Asia / Pacific",865684
2006-12-01,"Total",5206233
2007-01-01,"UK",421685
2007-01-01,"EU",1619561
2007-01-01,"Non-EU Europe",310709
2007-01-01,"Africa",356036
2007-01-01,"North America",973693
2007-01-01,"Latin America",70980
2007-01-01,"Middle East",355454
2007-01-01,"Asia / Pacific",905045
2007-01-01,"Total",5013163
2007-02-01,"UK",413141
2007-02-01,"EU",1609948
2007-02-01,"Non-EU Europe",306257
2007-02-01,"Africa",317047
2007-02-01,"North America",828910
2007-02-01,"Latin America",58479
2007-02-01,"Middle East",304036
2007-02-01,"Asia / Pacific",803648
2007-02-01,"Total",4641466
2007-03-01,"UK",501662
2007-03-01,"EU",1962587
2007-03-01,"Non-EU Europe",361473
2007-03-01,"Africa",355895
2007-03-01,"North America",1113007
2007-03-01,"Latin America",65749
2007-03-01,"Middle East",356962
2007-03-01,"Asia / Pacific",929642
2007-03-01,"Total",5646977
2007-04-01,"UK",477819
2007-04-01,"EU",2046702
2007-04-01,"Non-EU Europe",366310
2007-04-01,"Africa",317584
2007-04-01,"North America",1180999
2007-04-01,"Latin America",56572
2007-04-01,"Middle East",375334
2007-04-01,"Asia / Pacific",846253
2007-04-01,"Total",5667573
2007-05-01,"UK",479572
2007-05-01,"EU",2113721
2007-05-01,"Non-EU Europe",354573
2007-05-01,"Africa",277618
2007-05-01,"North America",1220365
2007-05-01,"Latin America",51755
2007-05-01,"Middle East",337210
2007-05-01,"Asia / Pacific",775815
2007-05-01,"Total",5610629
2007-06-01,"UK",492189
2007-06-01,"EU",2184616
2007-06-01,"Non-EU Europe",389097
2007-06-01,"Africa",313352
2007-06-01,"North America",1353572
2007-06-01,"Latin America",53625
2007-06-01,"Middle East",364971
2007-06-01,"Asia / Pacific",863120
2007-06-01,"Total",6014542
2007-07-01,"UK",501906
2007-07-01,"EU",2351180
2007-07-01,"Non-EU Europe",427636
2007-07-01,"Africa",365683
2007-07-01,"North America",1345080
2007-07-01,"Latin America",58877
2007-07-01,"Middle East",436542
2007-07-01,"Asia / Pacific",932528
2007-07-01,"Total",6419432
2007-08-01,"UK",481078
2007-08-01,"EU",2303216
2007-08-01,"Non-EU Europe",403455
2007-08-01,"Africa",377951
2007-08-01,"North America",1362228
2007-08-01,"Latin America",55237
2007-08-01,"Middle East",465857
2007-08-01,"Asia / Pacific",929134
2007-08-01,"Total",6378156
2007-09-01,"UK",494964
2007-09-01,"EU",2216137
2007-09-01,"Non-EU Europe",373791
2007-09-01,"Africa",355279
2007-09-01,"North America",1250322
2007-09-01,"Latin America",53308
2007-09-01,"Middle East",367718
2007-09-01,"Asia / Pacific",910637
2007-09-01,"Total",6022156
2007-10-01,"UK",495456
2007-10-01,"EU",2139452
2007-10-01,"Non-EU Europe",352955
2007-10-01,"Africa",347127
2007-10-01,"North America",1199393
2007-10-01,"Latin America",52713
2007-10-01,"Middle East",360987
2007-10-01,"Asia / Pacific",895981
2007-10-01,"Total",5844064
2007-11-01,"UK",485953
2007-11-01,"EU",1811698
2007-11-01,"Non-EU Europe",293737
2007-11-01,"Africa",358894
2007-11-01,"North America",1040270
2007-11-01,"Latin America",47312
2007-11-01,"Middle East",334545
2007-11-01,"Asia / Pacific",849538
2007-11-01,"Total",5221947
2007-12-01,"UK",432664
2007-12-01,"EU",1790859
2007-12-01,"Non-EU Europe",326689
2007-12-01,"Africa",372275
2007-12-01,"North America",1120472
2007-12-01,"Latin America",65348
2007-12-01,"Middle East",383731
2007-12-01,"Asia / Pacific",882915
2007-12-01,"Total",5374953
2008-01-01,"UK",406662
2008-01-01,"EU",1576165
2008-01-01,"Non-EU Europe",309969
2008-01-01,"Africa",356176
2008-01-01,"North America",959319
2008-01-01,"Latin America",77544
2008-01-01,"Middle East",361558
2008-01-01,"Asia / Pacific",910494
2008-01-01,"Total",4957887
2008-02-01,"UK",391321
2008-02-01,"EU",1418301
2008-02-01,"Non-EU Europe",285255
2008-02-01,"Africa",366033
2008-02-01,"North America",915677
2008-02-01,"Latin America",77577
2008-02-01,"Middle East",364835
2008-02-01,"Asia / Pacific",885907
2008-02-01,"Total",4704907
2008-03-01,"UK",367381
2008-03-01,"EU",1255447
2008-03-01,"Non-EU Europe",269864
2008-03-01,"Africa",368727
2008-03-01,"North America",849584
2008-03-01,"Latin America",83688
2008-03-01,"Middle East",365877
2008-03-01,"Asia / Pacific",884572
2008-03-01,"Total",4445142
2008-04-01,"UK",454711
2008-04-01,"EU",1803099
2008-04-01,"Non-EU Europe",339611
2008-04-01,"Africa",318283
2008-04-01,"North America",1252006
2008-04-01,"Latin America",42809
2008-04-01,"Middle East",400505
2008-04-01,"Asia / Pacific",856886
2008-04-01,"Total",5467910
2008-05-01,"UK",467450
2008-05-01,"EU",1969566
2008-05-01,"Non-EU Europe",360407
2008-05-01,"Africa",301008
2008-05-01,"North America",1356488
2008-05-01,"Latin America",43758
2008-05-01,"Middle East",360572
2008-05-01,"Asia / Pacific",785912
2008-05-01,"Total",5645161
2008-06-01,"UK",480281
2008-06-01,"EU",2007323
2008-06-01,"Non-EU Europe",380014
2008-06-01,"Africa",314508
2008-06-01,"North America",1498906
2008-06-01,"Latin America",43181
2008-06-01,"Middle East",390977
2008-06-01,"Asia / Pacific",843445
2008-06-01,"Total",5958635
2008-07-01,"UK",497617
2008-07-01,"EU",2155731
2008-07-01,"Non-EU Europe",422044
2008-07-01,"Africa",369785
2008-07-01,"North America",1542785
2008-07-01,"Latin America",47249
2008-07-01,"Middle East",470002
2008-07-01,"Asia / Pacific",912447
2008-07-01,"Total",6417660
2008-08-01,"UK",473312
2008-08-01,"EU",2068283
2008-08-01,"Non-EU Europe",404371
2008-08-01,"Africa",387812
2008-08-01,"North America",1574480
2008-08-01,"Latin America",47007
2008-08-01,"Middle East",490706
2008-08-01,"Asia / Pacific",919746
2008-08-01,"Total",6365717
2008-09-01,"UK",479681
2008-09-01,"EU",1984502
2008-09-01,"Non-EU Europe",365092
2008-09-01,"Africa",339721
2008-09-01,"North America",1370366
2008-09-01,"Latin America",44097
2008-09-01,"Middle East",376588
2008-09-01,"Asia / Pacific",842659
2008-09-01,"Total",5802706
2008-10-01,"UK",479929
2008-10-01,"EU",1891494
2008-10-01,"Non-EU Europe",346146
2008-10-01,"Africa",347328
2008-10-01,"North America",1287753
2008-10-01,"Latin America",44585
2008-10-01,"Middle East",405603
2008-10-01,"Asia / Pacific",827561
2008-10-01,"Total",5630399
2008-11-01,"UK",441671
2008-11-01,"EU",1613890
2008-11-01,"Non-EU Europe",287870
2008-11-01,"Africa",340002
2008-11-01,"North America",1067443
2008-11-01,"Latin America",47104
2008-11-01,"Middle East",385730
2008-11-01,"Asia / Pacific",788119
2008-11-01,"Total",4971829
2008-12-01,"UK",413765
2008-12-01,"EU",1635293
2008-12-01,"Non-EU Europe",316059
2008-12-01,"Africa",360697
2008-12-01,"North America",1203982
2008-12-01,"Latin America",52204
2008-12-01,"Middle East",432305
2008-12-01,"Asia / Pacific",837369
2008-12-01,"Total",5251674
2009-01-01,"UK",381949
2009-01-01,"EU",1434238
2009-01-01,"Non-EU Europe",307489
2009-01-01,"Africa",357980
2009-01-01,"North America",1039013
2009-01-01,"Latin America",55300
2009-01-01,"Middle East",392458
2009-01-01,"Asia / Pacific",884764
2009-01-01,"Total",4853191
2009-02-01,"UK",363403
2009-02-01,"EU",1411715
2009-02-01,"Non-EU Europe",296530
2009-02-01,"Africa",315014
2009-02-01,"North America",839502
2009-02-01,"Latin America",47686
2009-02-01,"Middle East",346383
2009-02-01,"Asia / Pacific",750613
2009-02-01,"Total",4370846
2009-03-01,"UK",447905
2009-03-01,"EU",1677338
2009-03-01,"Non-EU Europe",343888
2009-03-01,"Africa",346976
2009-03-01,"North America",1075307
2009-03-01,"Latin America",53264
2009-03-01,"Middle East",404629
2009-03-01,"Asia / Pacific",844264
2009-03-01,"Total",5193571
2009-04-01,"UK",454093
2009-04-01,"EU",1883398
2009-04-01,"Non-EU Europe",366625
2009-04-01,"Africa",332455
2009-04-01,"North America",1239949
2009-04-01,"Latin America",52939
2009-04-01,"Middle East",460449
2009-04-01,"Asia / Pacific",822688
2009-04-01,"Total",5612596
2009-05-01,"UK",444263
2009-05-01,"EU",1860525
2009-05-01,"Non-EU Europe",349159
2009-05-01,"Africa",291762
2009-05-01,"North America",1298111
2009-05-01,"Latin America",47656
2009-05-01,"Middle East",397040
2009-05-01,"Asia / Pacific",736273
2009-05-01,"Total",5424789
2009-06-01,"UK",463070
2009-06-01,"EU",1909937
2009-06-01,"Non-EU Europe",374158
2009-06-01,"Africa",314977
2009-06-01,"North America",1434895
2009-06-01,"Latin America",51424
2009-06-01,"Middle East",434370
2009-06-01,"Asia / Pacific",792997
2009-06-01,"Total",5775828
2009-07-01,"UK",463070
2009-07-01,"EU",1909937
2009-07-01,"Non-EU Europe",374158
2009-07-01,"Africa",314977
2009-07-01,"North America",1434895
2009-07-01,"Latin America",51424
2009-07-01,"Middle East",434370
2009-07-01,"Asia / Pacific",792997
2009-07-01,"Total",5775828
2009-08-01,"UK",461650
2009-08-01,"EU",2048817
2009-08-01,"Non-EU Europe",402929
2009-08-01,"Africa",386075
2009-08-01,"North America",1541395
2009-08-01,"Latin America",61731
2009-08-01,"Middle East",549623
2009-08-01,"Asia / Pacific",931472
2009-08-01,"Total",6383692
2009-09-01,"UK",462119
2009-09-01,"EU",1926390
2009-09-01,"Non-EU Europe",365299
2009-09-01,"Africa",329929
2009-09-01,"North America",1353990
2009-09-01,"Latin America",57675
2009-09-01,"Middle East",442896
2009-09-01,"Asia / Pacific",845313
2009-09-01,"Total",5783611
2009-10-01,"UK",461204
2009-10-01,"EU",1890004
2009-10-01,"Non-EU Europe",362502
2009-10-01,"Africa",345035
2009-10-01,"North America",1281899
2009-10-01,"Latin America",58713
2009-10-01,"Middle East",455116
2009-10-01,"Asia / Pacific",832965
2009-10-01,"Total",5687438
2009-11-01,"UK",461204
2009-11-01,"EU",1890004
2009-11-01,"Non-EU Europe",362502
2009-11-01,"Africa",345035
2009-11-01,"North America",1281899
2009-11-01,"Latin America",58713
2009-11-01,"Middle East",455116
2009-11-01,"Asia / Pacific",832965
2009-11-01,"Total",5687438
2009-12-01,"UK",390855
2009-12-01,"EU",1727335
2009-12-01,"Non-EU Europe",332082
2009-12-01,"Africa",362587
2009-12-01,"North America",1140055
2009-12-01,"Latin America",58338
2009-12-01,"Middle East",466454
2009-12-01,"Asia / Pacific",838423
2009-12-01,"Total",5316129
2010-01-01,"UK",329823
2010-01-01,"EU",1470651
2010-01-01,"Non-EU Europe",328327
2010-01-01,"Africa",352888
2010-01-01,"North America",999815
2010-01-01,"Latin America",63053
2010-01-01,"Middle East",429791
2010-01-01,"Asia / Pacific",855744
2010-01-01,"Total",4830092
2010-02-01,"UK",370884
2010-02-01,"EU",1520216
2010-02-01,"Non-EU Europe",331691
2010-02-01,"Africa",306147
2010-02-01,"North America",865611
2010-02-01,"Latin America",54356
2010-02-01,"Middle East",385855
2010-02-01,"Asia / Pacific",765646
2010-02-01,"Total",4600406
2010-03-01,"UK",390013
2010-03-01,"EU",1709165
2010-03-01,"Non-EU Europe",365662
2010-03-01,"Africa",331000
2010-03-01,"North America",1098796
2010-03-01,"Latin America",53443
2010-03-01,"Middle East",432998
2010-03-01,"Asia / Pacific",830800
2010-03-01,"Total",5211877
2010-04-01,"UK",327015
2010-04-01,"EU",1450156
2010-04-01,"Non-EU Europe",301162
2010-04-01,"Africa",271427
2010-04-01,"North America",1012477
2010-04-01,"Latin America",42971
2010-04-01,"Middle East",374786
2010-04-01,"Asia / Pacific",666536
2010-04-01,"Total",4446530
2010-05-01,"UK",345862
2010-05-01,"EU",1834362
2010-05-01,"Non-EU Europe",361067
2010-05-01,"Africa",279885
2010-05-01,"North America",1271884
2010-05-01,"Latin America",50839
2010-05-01,"Middle East",386881
2010-05-01,"Asia / Pacific",724992
2010-05-01,"Total",5255772
2010-06-01,"UK",412434
2010-06-01,"EU",1961793
2010-06-01,"Non-EU Europe",394835
2010-06-01,"Africa",316098
2010-06-01,"North America",1427297
2010-06-01,"Latin America",51270
2010-06-01,"Middle East",410974
2010-06-01,"Asia / Pacific",808350
2010-06-01,"Total",5783051
2010-07-01,"UK",483981
2010-07-01,"EU",2300886
2010-07-01,"Non-EU Europe",490749
2010-07-01,"Africa",392803
2010-07-01,"North America",1533731
2010-07-01,"Latin America",62926
2010-07-01,"Middle East",516018
2010-07-01,"Asia / Pacific",924788
2010-07-01,"Total",6705882
2010-08-01,"UK",476904
2010-08-01,"EU",2229524
2010-08-01,"Non-EU Europe",462301
2010-08-01,"Africa",390079
2010-08-01,"North America",1525049
2010-08-01,"Latin America",64122
2010-08-01,"Middle East",491738
2010-08-01,"Asia / Pacific",902779
2010-08-01,"Total",6542496
2010-09-01,"UK",492582
2010-09-01,"EU",2132410
2010-09-01,"Non-EU Europe",418972
2010-09-01,"Africa",361477
2010-09-01,"North America",1442193
2010-09-01,"Latin America",64159
2010-09-01,"Middle East",459173
2010-09-01,"Asia / Pacific",850253
2010-09-01,"Total",6221219
2010-10-01,"UK",488454
2010-10-01,"EU",2060306
2010-10-01,"Non-EU Europe",424452
2010-10-01,"Africa",364516
2010-10-01,"North America",1384370
2010-10-01,"Latin America",65878
2010-10-01,"Middle East",446519
2010-10-01,"Asia / Pacific",862995
2010-10-01,"Total",6097490
2010-11-01,"UK",428456
2010-11-01,"EU",1748014
2010-11-01,"Non-EU Europe",353347
2010-11-01,"Africa",341904
2010-11-01,"North America",1081465
2010-11-01,"Latin America",56168
2010-11-01,"Middle East",432616
2010-11-01,"Asia / Pacific",801193
2010-11-01,"Total",5243163
2010-12-01,"UK",297487
2010-12-01,"EU",1492315
2010-12-01,"Non-EU Europe",328144
2010-12-01,"Africa",350770
2010-12-01,"North America",1051504
2010-12-01,"Latin America",59497
2010-12-01,"Middle East",426385
2010-12-01,"Asia / Pacific",803093
2010-12-01,"Total",4809195
2011-01-01,"UK",371616
2011-01-01,"EU",1518929
2011-01-01,"Non-EU Europe",359208
2011-01-01,"Africa",371386
2011-01-01,"North America",1036979
2011-01-01,"Latin America",61668
2011-01-01,"Middle East",433499
2011-01-01,"Asia / Pacific",899441
2011-01-01,"Total",5052726
2011-02-01,"UK",363124
2011-02-01,"EU",1544357
2011-02-01,"Non-EU Europe",354204
2011-02-01,"Africa",287259
2011-02-01,"North America",853879
2011-02-01,"Latin America",54991
2011-02-01,"Middle East",394828
2011-02-01,"Asia / Pacific",769075
2011-02-01,"Total",4621717
2011-03-01,"UK",417869
2011-03-01,"EU",1805458
2011-03-01,"Non-EU Europe",396652
2011-03-01,"Africa",306300
2011-03-01,"North America",1099896
2011-03-01,"Latin America",62923
2011-03-01,"Middle East",425970
2011-03-01,"Asia / Pacific",816383
2011-03-01,"Total",5331451
2011-04-01,"UK",377560
2011-04-01,"EU",1965828
2011-04-01,"Non-EU Europe",439240
2011-04-01,"Africa",338509
2011-04-01,"North America",1351363
2011-04-01,"Latin America",74100
2011-04-01,"Middle East",470938
2011-04-01,"Asia / Pacific",831022
2011-04-01,"Total",5848560
2011-05-01,"UK",382507
2011-05-01,"EU",2053302
2011-05-01,"Non-EU Europe",436273
2011-05-01,"Africa",293379
2011-05-01,"North America",1442674
2011-05-01,"Latin America",75368
2011-05-01,"Middle East",407624
2011-05-01,"Asia / Pacific",774431
2011-05-01,"Total",5865558
2011-06-01,"UK",402795
2011-06-01,"EU",2103794
2011-06-01,"Non-EU Europe",457975
2011-06-01,"Africa",303599
2011-06-01,"North America",1551348
2011-06-01,"Latin America",68997
2011-06-01,"Middle East",437070
2011-06-01,"Asia / Pacific",821408
2011-06-01,"Total",6146986
2011-07-01,"UK",419629
2011-07-01,"EU",2346910
2011-07-01,"Non-EU Europe",534090
2011-07-01,"Africa",390368
2011-07-01,"North America",1614472
2011-07-01,"Latin America",83202
2011-07-01,"Middle East",529352
2011-07-01,"Asia / Pacific",954491
2011-07-01,"Total",6872514
2011-08-01,"UK",413998
2011-08-01,"EU",2249222
2011-08-01,"Non-EU Europe",483126
2011-08-01,"Africa",378414
2011-08-01,"North America",1595683
2011-08-01,"Latin America",82886
2011-08-01,"Middle East",486610
2011-08-01,"Asia / Pacific",895503
2011-08-01,"Total",6585442
2011-09-01,"UK",421155
2011-09-01,"EU",2162065
2011-09-01,"Non-EU Europe",455596
2011-09-01,"Africa",360636
2011-09-01,"North America",1493275
2011-09-01,"Latin America",79960
2011-09-01,"Middle East",475073
2011-09-01,"Asia / Pacific",863143
2011-09-01,"Total",6310903
2011-10-01,"UK",405180
2011-10-01,"EU",2066476
2011-10-01,"Non-EU Europe",455306
2011-10-01,"Africa",350525
2011-10-01,"North America",1389151
2011-10-01,"Latin America",81105
2011-10-01,"Middle East",444847
2011-10-01,"Asia / Pacific",826875
2011-10-01,"Total",6019465
2011-11-01,"UK",375848
2011-11-01,"EU",1753253
2011-11-01,"Non-EU Europe",383182
2011-11-01,"Africa",322840
2011-11-01,"North America",1122267
2011-11-01,"Latin America",72596
2011-11-01,"Middle East",429024
2011-11-01,"Asia / Pacific",759852
2011-11-01,"Total",5218862
2011-12-01,"UK",352430
2011-12-01,"EU",1755087
2011-12-01,"Non-EU Europe",414556
2011-12-01,"Africa",366744
2011-12-01,"North America",1238190
2011-12-01,"Latin America",81239
2011-12-01,"Middle East",472506
2011-12-01,"Asia / Pacific",836512
2011-12-01,"Total",5517264
2012-01-01,"UK",347116
2012-01-01,"EU",1560869
2012-01-01,"Non-EU Europe",398360
2012-01-01,"Africa",352175
2012-01-01,"North America",1093080
2012-01-01,"Latin America",84281
2012-01-01,"Middle East",450457
2012-01-01,"Asia / Pacific",883180
2012-01-01,"Total",5169518
2012-02-01,"UK",352861
2012-02-01,"EU",1590567
2012-02-01,"Non-EU Europe",395121
2012-02-01,"Africa",305188
2012-02-01,"North America",918188
2012-02-01,"Latin America",76883
2012-02-01,"Middle East",396943
2012-02-01,"Asia / Pacific",763034
2012-02-01,"Total",4798785
2012-03-01,"UK",401586
2012-03-01,"EU",1863409
2012-03-01,"Non-EU Europe",457134
2012-03-01,"Africa",332003
2012-03-01,"North America",1253973
2012-03-01,"Latin America",81862
2012-03-01,"Middle East",455530
2012-03-01,"Asia / Pacific",851635
2012-03-01,"Total",5697132
2012-04-01,"UK",388550
2012-04-01,"EU",1970538
2012-04-01,"Non-EU Europe",466450
2012-04-01,"Africa",334797
2012-04-01,"North America",1340340
2012-04-01,"Latin America",80950
2012-04-01,"Middle East",480942
2012-04-01,"Asia / Pacific",786604
2012-04-01,"Total",5849171
2012-05-01,"UK",407520
2012-05-01,"EU",2006166
2012-05-01,"Non-EU Europe",432838
2012-05-01,"Africa",285559
2012-05-01,"North America",1471308
2012-05-01,"Latin America",80652
2012-05-01,"Middle East",421342
2012-05-01,"Asia / Pacific",726455
2012-05-01,"Total",5831840
2012-06-01,"UK",405287
2012-06-01,"EU",2073185
2012-06-01,"Non-EU Europe",453283
2012-06-01,"Africa",318379
2012-06-01,"North America",1606383
2012-06-01,"Latin America",81973
2012-06-01,"Middle East",479069
2012-06-01,"Asia / Pacific",827994
2012-06-01,"Total",6245553
2012-07-01,"UK",424805
2012-07-01,"EU",2191388
2012-07-01,"Non-EU Europe",503833
2012-07-01,"Africa",360953
2012-07-01,"North America",1616226
2012-07-01,"Latin America",91396
2012-07-01,"Middle East",525725
2012-07-01,"Asia / Pacific",855321
2012-07-01,"Total",6569647
2012-08-01,"UK",421368
2012-08-01,"EU",2130230
2012-08-01,"Non-EU Europe",471209
2012-08-01,"Africa",359489
2012-08-01,"North America",1644019
2012-08-01,"Latin America",87269
2012-08-01,"Middle East",512477
2012-08-01,"Asia / Pacific",833058
2012-08-01,"Total",6459119
2012-09-01,"UK",423699
2012-09-01,"EU",2150826
2012-09-01,"Non-EU Europe",469466
2012-09-01,"Africa",338797
2012-09-01,"North America",1561057
2012-09-01,"Latin America",87859
2012-09-01,"Middle East",485248
2012-09-01,"Asia / Pacific",828983
2012-09-01,"Total",6345935
2012-10-01,"UK",407978
2012-10-01,"EU",2079854
2012-10-01,"Non-EU Europe",465176
2012-10-01,"Africa",321166
2012-10-01,"North America",1392635
2012-10-01,"Latin America",83993
2012-10-01,"Middle East",470038
2012-10-01,"Asia / Pacific",790921
2012-10-01,"Total",6011761
2012-11-01,"UK",383504
2012-11-01,"EU",1863451
2012-11-01,"Non-EU Europe",406856
2012-11-01,"Africa",302725
2012-11-01,"North America",1149651
2012-11-01,"Latin America",75418
2012-11-01,"Middle East",435185
2012-11-01,"Asia / Pacific",764348
2012-11-01,"Total",5381138
2012-12-01,"UK",362844
2012-12-01,"EU",1823083
2012-12-01,"Non-EU Europe",431917
2012-12-01,"Africa",326510
2012-12-01,"North America",1245058
2012-12-01,"Latin America",80864
2012-12-01,"Middle East",491652
2012-12-01,"Asia / Pacific",863341
2012-12-01,"Total",5625269
2013-01-01,"UK",326895
2013-01-01,"EU",1588442
2013-01-01,"Non-EU Europe",406226
2013-01-01,"Africa",318916
2013-01-01,"North America",1117307
2013-01-01,"Latin America",83205
2013-01-01,"Middle East",465440
2013-01-01,"Asia / Pacific",878493
2013-01-01,"Total",5184924
2013-02-01,"UK",344048
2013-02-01,"EU",1651217
2013-02-01,"Non-EU Europe",422815
2013-02-01,"Africa",269562
2013-02-01,"North America",901016
2013-02-01,"Latin America",73338
2013-02-01,"Middle East",421365
2013-02-01,"Asia / Pacific",765187
2013-02-01,"Total",4848548
2013-03-01,"UK",399010
2013-03-01,"EU",2005353
2013-03-01,"Non-EU Europe",487338
2013-03-01,"Africa",315436
2013-03-01,"North America",1271290
2013-03-01,"Latin America",85024
2013-03-01,"Middle East",497580
2013-03-01,"Asia / Pacific",860037
2013-03-01,"Total",5921068
2013-04-01,"UK",391753
2013-04-01,"EU",2005965
2013-04-01,"Non-EU Europe",464811
2013-04-01,"Africa",277795
2013-04-01,"North America",1323409
2013-04-01,"Latin America",84783
2013-04-01,"Middle East",472282
2013-04-01,"Asia / Pacific",785883
2013-04-01,"Total",5806681
2013-05-01,"UK",414645
2013-05-01,"EU",2153960
2013-05-01,"Non-EU Europe",454827
2013-05-01,"Africa",254627
2013-05-01,"North America",1523631
2013-05-01,"Latin America",89562
2013-05-01,"Middle East",439226
2013-05-01,"Asia / Pacific",774754
2013-05-01,"Total",6105232
2013-06-01,"UK",436528
2013-06-01,"EU",2228499
2013-06-01,"Non-EU Europe",465478
2013-06-01,"Africa",280473
2013-06-01,"North America",1650309
2013-06-01,"Latin America",92550
2013-06-01,"Middle East",495731
2013-06-01,"Asia / Pacific",882365
2013-06-01,"Total",6531933
2013-07-01,"UK",473280
2013-07-01,"EU",2411029
2013-07-01,"Non-EU Europe",524123
2013-07-01,"Africa",299960
2013-07-01,"North America",1639177
2013-07-01,"Latin America",96330
2013-07-01,"Middle East",529803
2013-07-01,"Asia / Pacific",956632
2013-07-01,"Total",6930334
2013-08-01,"UK",474759
2013-08-01,"EU",2330609
2013-08-01,"Non-EU Europe",493847
2013-08-01,"Africa",324519
2013-08-01,"North America",1687730
2013-08-01,"Latin America",90847
2013-08-01,"Middle East",579440
2013-08-01,"Asia / Pacific",977793
2013-08-01,"Total",6959544
2013-09-01,"UK",469204
2013-09-01,"EU",2261303
2013-09-01,"Non-EU Europe",453371
2013-09-01,"Africa",298153
2013-09-01,"North America",1600009
2013-09-01,"Latin America",93182
2013-09-01,"Middle East",501531
2013-09-01,"Asia / Pacific",882359
2013-09-01,"Total",6559112
2013-10-01,"UK",461017
2013-10-01,"EU",2179348
2013-10-01,"Non-EU Europe",450974
2013-10-01,"Africa",289502
2013-10-01,"North America",1483146
2013-10-01,"Latin America",91016
2013-10-01,"Middle East",503309
2013-10-01,"Asia / Pacific",830979
2013-10-01,"Total",6289291
2013-11-01,"UK",426962
2013-11-01,"EU",1842694
2013-11-01,"Non-EU Europe",403960
2013-11-01,"Africa",285795
2013-11-01,"North America",1150275
2013-11-01,"Latin America",82672
2013-11-01,"Middle East",421352
2013-11-01,"Asia / Pacific",797644
2013-11-01,"Total",5411354
2013-12-01,"UK",389576
2013-12-01,"EU",1803490
2013-12-01,"Non-EU Europe",425577
2013-12-01,"Africa",319723
2013-12-01,"North America",1338031
2013-12-01,"Latin America",87842
2013-12-01,"Middle East",523074
2013-12-01,"Asia / Pacific",897585
2013-12-01,"Total",5784898
2014-01-01,"UK",361498
2014-01-01,"EU",1626627
2014-01-01,"Non-EU Europe",412010
2014-01-01,"Africa",312755
2014-01-01,"North America",1169181
2014-01-01,"Latin America",90776
2014-01-01,"Middle East",492663
2014-01-01,"Asia / Pacific",918367
2014-01-01,"Total",5383877
2014-02-01,"UK",368669
2014-02-01,"EU",1644009
2014-02-01,"Non-EU Europe",405397
2014-02-01,"Africa",266506
2014-02-01,"North America",929608
2014-02-01,"Latin America",75711
2014-02-01,"Middle East",435237
2014-02-01,"Asia / Pacific",773330
2014-02-01,"Total",4898467
2014-03-01,"UK",423477
2014-03-01,"EU",1920640
2014-03-01,"Non-EU Europe",464128
2014-03-01,"Africa",292176
2014-03-01,"North America",1242242
2014-03-01,"Latin America",86583
2014-03-01,"Middle East",487532
2014-03-01,"Asia / Pacific",836543
2014-03-01,"Total",5753321
2014-04-01,"UK",430520
2014-04-01,"EU",2106669
2014-04-01,"Non-EU Europe",472127
2014-04-01,"Africa",295763
2014-04-01,"North America",1409539
2014-04-01,"Latin America",88322
2014-04-01,"Middle East",529196
2014-04-01,"Asia / Pacific",861602
2014-04-01,"Total",6193738
2014-05-01,"UK",454357
2014-05-01,"EU",2146606
2014-05-01,"Non-EU Europe",450934
2014-05-01,"Africa",267487
2014-05-01,"North America",1549639
2014-05-01,"Latin America",87542
2014-05-01,"Middle East",474304
2014-05-01,"Asia / Pacific",805849
2014-05-01,"Total",6236718
2014-06-01,"UK",467042
2014-06-01,"EU",2241999
2014-06-01,"Non-EU Europe",481740
2014-06-01,"Africa",279175
2014-06-01,"North America",1657730
2014-06-01,"Latin America",91767
2014-06-01,"Middle East",494800
2014-06-01,"Asia / Pacific",886399
2014-06-01,"Total",6600652
2014-07-01,"UK",483969
2014-07-01,"EU",2395777
2014-07-01,"Non-EU Europe",521849
2014-07-01,"Africa",314184
2014-07-01,"North America",1644960
2014-07-01,"Latin America",102889
2014-07-01,"Middle East",533072
2014-07-01,"Asia / Pacific",968656
2014-07-01,"Total",6965356
2014-08-01,"UK",467296
2014-08-01,"EU",2340420
2014-08-01,"Non-EU Europe",496042
2014-08-01,"Africa",333404
2014-08-01,"North America",1729078
2014-08-01,"Latin America",99243
2014-08-01,"Middle East",598755
2014-08-01,"Asia / Pacific",986835
2014-08-01,"Total",7051073
2014-09-01,"UK",482467
2014-09-01,"EU",2227412
2014-09-01,"Non-EU Europe",459771
2014-09-01,"Africa",299298
2014-09-01,"North America",1590653
2014-09-01,"Latin America",108280
2014-09-01,"Middle East",519674
2014-09-01,"Asia / Pacific",890137
2014-09-01,"Total",6577692
2014-10-01,"UK",473377
2014-10-01,"EU",2160063
2014-10-01,"Non-EU Europe",462158
2014-10-01,"Africa",285988
2014-10-01,"North America",1487172
2014-10-01,"Latin America",103273
2014-10-01,"Middle East",500432
2014-10-01,"Asia / Pacific",842724
2014-10-01,"Total",6315187
2014-11-01,"UK",443312
2014-11-01,"EU",1841762
2014-11-01,"Non-EU Europe",401299
2014-11-01,"Africa",276077
2014-11-01,"North America",1198542
2014-11-01,"Latin America",88410
2014-11-01,"Middle East",438571
2014-11-01,"Asia / Pacific",785058
2014-11-01,"Total",5473031
2014-12-01,"UK",427746
2014-12-01,"EU",1869868
2014-12-01,"Non-EU Europe",437784
2014-12-01,"Africa",303477
2014-12-01,"North America",1363931
2014-12-01,"Latin America",93630
2014-12-01,"Middle East",542773
2014-12-01,"Asia / Pacific",886504
2014-12-01,"Total",5925713
2015-01-01,"UK",380249
2015-01-01,"EU",1635628
2015-01-01,"Non-EU Europe",409826
2015-01-01,"Africa",305623
2015-01-01,"North America",1203209
2015-01-01,"Latin America",103531
2015-01-01,"Middle East",517335
2015-01-01,"Asia / Pacific",899288
2015-01-01,"Total",5454689
2015-02-01,"UK",377398
2015-02-01,"EU",1657233
2015-02-01,"Non-EU Europe",400140
2015-02-01,"Africa",248984
2015-02-01,"North America",969937
2015-02-01,"Latin America",87702
2015-02-01,"Middle East",452501
2015-02-01,"Asia / Pacific",760364
2015-02-01,"Total",4954259
2015-03-01,"UK",441351
2015-03-01,"EU",1970613
2015-03-01,"Non-EU Europe",463551
2015-03-01,"Africa",286959
2015-03-01,"North America",1316459
2015-03-01,"Latin America",93780
2015-03-01,"Middle East",525005
2015-03-01,"Asia / Pacific",853212
2015-03-01,"Total",5950930
2015-04-01,"UK",440368
2015-04-01,"EU",2161799
2015-04-01,"Non-EU Europe",457167
2015-04-01,"Africa",265901
2015-04-01,"North America",1375010
2015-04-01,"Latin America",90955
2015-04-01,"Middle East",525389
2015-04-01,"Asia / Pacific",827744
2015-04-01,"Total",6144333
2015-05-01,"UK",446987
2015-05-01,"EU",2274521
2015-05-01,"Non-EU Europe",450473
2015-05-01,"Africa",247708
2015-05-01,"North America",1538821
2015-05-01,"Latin America",98280
2015-05-01,"Middle East",485607
2015-05-01,"Asia / Pacific",800136
2015-05-01,"Total",6342533
2015-06-01,"UK",463130
2015-06-01,"EU",2357626
2015-06-01,"Non-EU Europe",477905
2015-06-01,"Africa",242595
2015-06-01,"North America",1665757
2015-06-01,"Latin America",101770
2015-06-01,"Middle East",481964
2015-06-01,"Asia / Pacific",884439
2015-06-01,"Total",6675186
2015-07-01,"UK",494148
2015-07-01,"EU",2568063
2015-07-01,"Non-EU Europe",531906
2015-07-01,"Africa",298541
2015-07-01,"North America",1692174
2015-07-01,"Latin America",113233
2015-07-01,"Middle East",606221
2015-07-01,"Asia / Pacific",987987
2015-07-01,"Total",7292273
2015-08-01,"UK",464042
2015-08-01,"EU",2535408
2015-08-01,"Non-EU Europe",512239
2015-08-01,"Africa",309947
2015-08-01,"North America",1756587
2015-08-01,"Latin America",108443
2015-08-01,"Middle East",658426
2015-08-01,"Asia / Pacific",988008
2015-08-01,"Total",7333100
2015-09-01,"UK",464444
2015-09-01,"EU",2401271
2015-09-01,"Non-EU Europe",470312
2015-09-01,"Africa",279060
2015-09-01,"North America",1586675
2015-09-01,"Latin America",107622
2015-09-01,"Middle East",562336
2015-09-01,"Asia / Pacific",894492
2015-09-01,"Total",6766212
2015-10-01,"UK",426985
2015-10-01,"EU",2315645
2015-10-01,"Non-EU Europe",469464
2015-10-01,"Africa",275047
2015-10-01,"North America",1557620
2015-10-01,"Latin America",107166
2015-10-01,"Middle East",537524
2015-10-01,"Asia / Pacific",872950
2015-10-01,"Total",6562401
2015-11-01,"UK",380808
2015-11-01,"EU",1909970
2015-11-01,"Non-EU Europe",411501
2015-11-01,"Africa",255290
2015-11-01,"North America",1250317
2015-11-01,"Latin America",95811
2015-11-01,"Middle East",467793
2015-11-01,"Asia / Pacific",810591
2015-11-01,"Total",5582081
2015-12-01,"UK",362657
2015-12-01,"EU",1895635
2015-12-01,"Non-EU Europe",433062
2015-12-01,"Africa",282343
2015-12-01,"North America",1352174
2015-12-01,"Latin America",100744
2015-12-01,"Middle East",579296
2015-12-01,"Asia / Pacific",895150
2015-12-01,"Total",5901061
2016-01-01,"UK",331590
2016-01-01,"EU",1678714
2016-01-01,"Non-EU Europe",418146
2016-01-01,"Africa",282768
2016-01-01,"North America",1223621
2016-01-01,"Latin America",108334
2016-01-01,"Middle East",540326
2016-01-01,"Asia / Pacific",924220
2016-01-01,"Total",5507719
2016-02-01,"UK",343400
2016-02-01,"EU",1763373
2016-02-01,"Non-EU Europe",423944
2016-02-01,"Africa",242851
2016-02-01,"North America",1017750
2016-02-01,"Latin America",95474
2016-02-01,"Middle East",481917
2016-02-01,"Asia / Pacific",810665
2016-02-01,"Total",5179374
2016-03-01,"UK",380005
2016-03-01,"EU",2052253
2016-03-01,"Non-EU Europe",477451
2016-03-01,"Africa",268104
2016-03-01,"North America",1362107
2016-03-01,"Latin America",97122
2016-03-01,"Middle East",572331
2016-03-01,"Asia / Pacific",891594
2016-03-01,"Total",6100967
2016-04-01,"UK",375885
2016-04-01,"EU",2104870
2016-04-01,"Non-EU Europe",449477
2016-04-01,"Africa",244384
2016-04-01,"North America",1366169
2016-04-01,"Latin America",94162
2016-04-01,"Middle East",566711
2016-04-01,"Asia / Pacific",845568
2016-04-01,"Total",6047226
2016-05-01,"UK",392155
2016-05-01,"EU",2298415
2016-05-01,"Non-EU Europe",454011
2016-05-01,"Africa",230481
2016-05-01,"North America",1500133
2016-05-01,"Latin America",98443
2016-05-01,"Middle East",523800
2016-05-01,"Asia / Pacific",795222
2016-05-01,"Total",6292660
2016-06-01,"UK",408998
2016-06-01,"EU",2402463
2016-06-01,"Non-EU Europe",476614
2016-06-01,"Africa",223105
2016-06-01,"North America",1622191
2016-06-01,"Latin America",104762
2016-06-01,"Middle East",482102
2016-06-01,"Asia / Pacific",887153
2016-06-01,"Total",6607388
2016-07-01,"UK",415570
2016-07-01,"EU",2637267
2016-07-01,"Non-EU Europe",541048
2016-07-01,"Africa",290753
2016-07-01,"North America",1701080
2016-07-01,"Latin America",118683
2016-07-01,"Middle East",690084
2016-07-01,"Asia / Pacific",1049627
2016-07-01,"Total",7444112
2016-08-01,"UK",414442
2016-08-01,"EU",2547512
2016-08-01,"Non-EU Europe",523348
2016-08-01,"Africa",294978
2016-08-01,"North America",1704432
2016-08-01,"Latin America",114741
2016-08-01,"Middle East",722293
2016-08-01,"Asia / Pacific",1017106
2016-08-01,"Total",7338852
2016-09-01,"UK",420326
2016-09-01,"EU",2405416
2016-09-01,"Non-EU Europe",474740
2016-09-01,"Africa",275264
2016-09-01,"North America",1550103
2016-09-01,"Latin America",101666
2016-09-01,"Middle East",635705
2016-09-01,"Asia / Pacific",929587
2016-09-01,"Total",6792807
2016-10-01,"UK",410610
2016-10-01,"EU",2305269
2016-10-01,"Non-EU Europe",479793
2016-10-01,"Africa",270665
2016-10-01,"North America",1489600
2016-10-01,"Latin America",103256
2016-10-01,"Middle East",540068
2016-10-01,"Asia / Pacific",881328
2016-10-01,"Total",6480589
2016-11-01,"UK",394005
2016-11-01,"EU",1968664
2016-11-01,"Non-EU Europe",413333
2016-11-01,"Africa",257211
2016-11-01,"North America",1252384
2016-11-01,"Latin America",92232
2016-11-01,"Middle East",528778
2016-11-01,"Asia / Pacific",814526
2016-11-01,"Total",5721133
2016-12-01,"UK",360665
2016-12-01,"EU",1976594
2016-12-01,"Non-EU Europe",463900
2016-12-01,"Africa",283455
2016-12-01,"North America",1381037
2016-12-01,"Latin America",96702
2016-12-01,"Middle East",677092
2016-12-01,"Asia / Pacific",923951
2016-12-01,"Total",6163396
2017-01-01,"UK",336627
2017-01-01,"EU",1759625
2017-01-01,"Non-EU Europe",429464
2017-01-01,"Africa",277549
2017-01-01,"North America",1227718
2017-01-01,"Latin America",107972
2017-01-01,"Middle East",643058
2017-01-01,"Asia / Pacific",957453
2017-01-01,"Total",5739466
2017-02-01,"UK",335535
2017-02-01,"EU",1781388
2017-02-01,"Non-EU Europe",425194
2017-02-01,"Africa",241029
2017-02-01,"North America",1000937
2017-02-01,"Latin America",93258
2017-02-01,"Middle East",555852
2017-02-01,"Asia / Pacific",833128
2017-02-01,"Total",5266321
2017-03-01,"UK",396716
2017-03-01,"EU",2068825
2017-03-01,"Non-EU Europe",474845
2017-03-01,"Africa",254599
2017-03-01,"North America",1333513
2017-03-01,"Latin America",103851
2017-03-01,"Middle East",604727
2017-03-01,"Asia / Pacific",918768
2017-03-01,"Total",6155844
2017-04-01,"UK",400297
2017-04-01,"EU",2337140
2017-04-01,"Non-EU Europe",496308
2017-04-01,"Africa",260977
2017-04-01,"North America",1508516
2017-04-01,"Latin America",107434
2017-04-01,"Middle East",689944
2017-04-01,"Asia / Pacific",931036
2017-04-01,"Total",6731652
2017-05-01,"UK",404051
2017-05-01,"EU",2337800
2017-05-01,"Non-EU Europe",447944
2017-05-01,"Africa",229824
2017-05-01,"North America",1519291
2017-05-01,"Latin America",102957
2017-05-01,"Middle East",560739
2017-05-01,"Asia / Pacific",873418
2017-05-01,"Total",6476024
2017-06-01,"UK",419647
2017-06-01,"EU",2430321
2017-06-01,"Non-EU Europe",475506
2017-06-01,"Africa",225937
2017-06-01,"North America",1634742
2017-06-01,"Latin America",107256
2017-06-01,"Middle East",528678
2017-06-01,"Asia / Pacific",935931
2017-06-01,"Total",6758018
2017-07-01,"UK",435833
2017-07-01,"EU",2642489
2017-07-01,"Non-EU Europe",568316
2017-07-01,"Africa",286382
2017-07-01,"North America",1687885
2017-07-01,"Latin America",122230
2017-07-01,"Middle East",737634
2017-07-01,"Asia / Pacific",1051653
2017-07-01,"Total",7532422
2017-08-01,"UK",440425
2017-08-01,"EU",2593617
2017-08-01,"Non-EU Europe",542236
2017-08-01,"Africa",289548
2017-08-01,"North America",1714171
2017-08-01,"Latin America",115865
2017-08-01,"Middle East",773799
2017-08-01,"Asia / Pacific",1010624
2017-08-01,"Total",7480285
2017-09-01,"UK",417659
2017-09-01,"EU",2459730
2017-09-01,"Non-EU Europe",477721
2017-09-01,"Africa",271379
2017-09-01,"North America",1556055
2017-09-01,"Latin America",111100
2017-09-01,"Middle East",668288
2017-09-01,"Asia / Pacific",966868
2017-09-01,"Total",6928800
2017-10-01,"UK",418382
2017-10-01,"EU",2349059
2017-10-01,"Non-EU Europe",485687
2017-10-01,"Africa",267064
2017-10-01,"North America",1504751
2017-10-01,"Latin America",110677
2017-10-01,"Middle East",603878
2017-10-01,"Asia / Pacific",924173
2017-10-01,"Total",6663671
2017-11-01,"UK",412316
2017-11-01,"EU",2010916
2017-11-01,"Non-EU Europe",417234
2017-11-01,"Africa",270027
2017-11-01,"North America",1267916
2017-11-01,"Latin America",101472
2017-11-01,"Middle East",560162
2017-11-01,"Asia / Pacific",880346
2017-11-01,"Total",5920389
2017-12-01,"UK",384528
2017-12-01,"EU",2010332
2017-12-01,"Non-EU Europe",463109
2017-12-01,"Africa",295936
2017-12-01,"North America",1402219
2017-12-01,"Latin America",109390
2017-12-01,"Middle East",695555
2017-12-01,"Asia / Pacific",974791
2017-12-01,"Total",6335860
2018-01-01,"UK",359852
2018-01-01,"EU",1787903
2018-01-01,"Non-EU Europe",430567
2018-01-01,"Africa",285768
2018-01-01,"North America",1218455
2018-01-01,"Latin America",115397
2018-01-01,"Middle East",631749
2018-01-01,"Asia / Pacific",974980
2018-01-01,"Total",5804671
2018-02-01,"UK",347495
2018-02-01,"EU",1820922
2018-02-01,"Non-EU Europe",425161
2018-02-01,"Africa",251489
2018-02-01,"North America",1004396
2018-02-01,"Latin America",99275
2018-02-01,"Middle East",566597
2018-02-01,"Asia / Pacific",876520
2018-02-01,"Total",5391855
2018-03-01,"UK",390660
2018-03-01,"EU",2164480
2018-03-01,"Non-EU Europe",486408
2018-03-01,"Africa",285933
2018-03-01,"North America",1419674
2018-03-01,"Latin America",111484
2018-03-01,"Middle East",670526
2018-03-01,"Asia / Pacific",963587
2018-03-01,"Total",6492752
2018-04-01,"UK",403324
2018-04-01,"EU",2316293
2018-04-01,"Non-EU Europe",479271
2018-04-01,"Africa",269017
2018-04-01,"North America",1448954
2018-04-01,"Latin America",106628
2018-04-01,"Middle East",663090
2018-04-01,"Asia / Pacific",895002
2018-04-01,"Total",6581579
2018-05-01,"UK",426248
2018-05-01,"EU",2455393
2018-05-01,"Non-EU Europe",453009
2018-05-01,"Africa",239885
2018-05-01,"North America",1594711
2018-05-01,"Latin America",111546
2018-05-01,"Middle East",529036
2018-05-01,"Asia / Pacific",867135
2018-05-01,"Total",6676963
2018-06-01,"UK",425988
2018-06-01,"EU",2555094
2018-06-01,"Non-EU Europe",490917
2018-06-01,"Africa",251488
2018-06-01,"North America",1746886
2018-06-01,"Latin America",117078
2018-06-01,"Middle East",564591
2018-06-01,"Asia / Pacific",972482
2018-06-01,"Total",7124524
2018-07-01,"UK",431100
2018-07-01,"EU",2739545
2018-07-01,"Non-EU Europe",556860
2018-07-01,"Africa",287796
2018-07-01,"North America",1824263
2018-07-01,"Latin America",123948
2018-07-01,"Middle East",753327
2018-07-01,"Asia / Pacific",1095470
2018-07-01,"Total",7812309
2018-08-01,"UK",425720
2018-08-01,"EU",2633586
2018-08-01,"Non-EU Europe",535205
2018-08-01,"Africa",294957
2018-08-01,"North America",1795169
2018-08-01,"Latin America",118602
2018-08-01,"Middle East",794743
2018-08-01,"Asia / Pacific",1073968
2018-08-01,"Total",7671950
2018-09-01,"UK",415325
2018-09-01,"EU",2476861
2018-09-01,"Non-EU Europe",473214
2018-09-01,"Africa",274760
2018-09-01,"North America",1614994
2018-09-01,"Latin America",113044
2018-09-01,"Middle East",633259
2018-09-01,"Asia / Pacific",980690
2018-09-01,"Total",6982147
2018-10-01,"UK",429768
2018-10-01,"EU",2447915
2018-10-01,"Non-EU Europe",489628
2018-10-01,"Africa",275975
2018-10-01,"North America",1641693
2018-10-01,"Latin America",111247
2018-10-01,"Middle East",604128
2018-10-01,"Asia / Pacific",953665
2018-10-01,"Total",6954019
2018-11-01,"UK",381470
2018-11-01,"EU",2096708
2018-11-01,"Non-EU Europe",435370
2018-11-01,"Africa",297600
2018-11-01,"North America",1341678
2018-11-01,"Latin America",105314
2018-11-01,"Middle East",556646
2018-11-01,"Asia / Pacific",898975
2018-11-01,"Total",6113761
2018-12-01,"UK",358128
2018-12-01,"EU",2107753
2018-12-01,"Non-EU Europe",467274
2018-12-01,"Africa",323456
2018-12-01,"North America",1449607
2018-12-01,"Latin America",117038
2018-12-01,"Middle East",692779
2018-12-01,"Asia / Pacific",979452
2018-12-01,"Total",6495487
2019-01-01,"UK",326386
2019-01-01,"EU",1817088
2019-01-01,"Non-EU Europe",426466
2019-01-01,"Africa",313497
2019-01-01,"North America",1277923
2019-01-01,"Latin America",121749
2019-01-01,"Middle East",628759
2019-01-01,"Asia / Pacific",1015675
2019-01-01,"Total",5927543
2019-02-01,"UK",320861
2019-02-01,"EU",1859085
2019-02-01,"Non-EU Europe",418782
2019-02-01,"Africa",273567
2019-02-01,"North America",1088818
2019-02-01,"Latin America",106026
2019-02-01,"Middle East",541573
2019-02-01,"Asia / Pacific",873576
2019-02-01,"Total",5482288
2019-03-01,"UK",391467
2019-03-01,"EU",2217166
2019-03-01,"Non-EU Europe",487150
2019-03-01,"Africa",303704
2019-03-01,"North America",1470992
2019-03-01,"Latin America",114644
2019-03-01,"Middle East",597277
2019-03-01,"Asia / Pacific",945089
2019-03-01,"Total",6527489
2019-04-01,"UK",419327
2019-04-01,"EU",2319492
2019-04-01,"Non-EU Europe",480811
2019-04-01,"Africa",301144
2019-04-01,"North America",1557547
2019-04-01,"Latin America",112837
2019-04-01,"Middle East",677609
2019-04-01,"Asia / Pacific",929445
2019-04-01,"Total",6798212
2019-05-01,"UK",435701
2019-05-01,"EU",2404663
2019-05-01,"Non-EU Europe",445300
2019-05-01,"Africa",261598
2019-05-01,"North America",1706145
2019-05-01,"Latin America",113709
2019-05-01,"Middle East",518061
2019-05-01,"Asia / Pacific",883726
2019-05-01,"Total",6768903
2019-06-01,"UK",431711
2019-06-01,"EU",2536137
2019-06-01,"Non-EU Europe",504257
2019-06-01,"Africa",280538
2019-06-01,"North America",1807271
2019-06-01,"Latin America",116985
2019-06-01,"Middle East",607953
2019-06-01,"Asia / Pacific",961711
2019-06-01,"Total",7246563
2019-07-01,"UK",446608
2019-07-01,"EU",2689689
2019-07-01,"Non-EU Europe",552150
2019-07-01,"Africa",302642
2019-07-01,"North America",1833961
2019-07-01,"Latin America",122240
2019-07-01,"Middle East",746174
2019-07-01,"Asia / Pacific",1060675
2019-07-01,"Total",7754139
2019-08-01,"UK",437054
2019-08-01,"EU",2619533
2019-08-01,"Non-EU Europe",535723
2019-08-01,"Africa",312796
2019-08-01,"North America",1829388
2019-08-01,"Latin America",121380
2019-08-01,"Middle East",790105
2019-08-01,"Asia / Pacific",1034348
2019-08-01,"Total",7680327
2019-09-01,"UK",388187
2019-09-01,"EU",2333969
2019-09-01,"Non-EU Europe",469720
2019-09-01,"Africa",277583
2019-09-01,"North America",1615711
2019-09-01,"Latin America",109523
2019-09-01,"Middle East",643594
2019-09-01,"Asia / Pacific",938828
2019-09-01,"Total",6777115
2019-10-01,"UK",432183
2019-10-01,"EU",2420621
2019-10-01,"Non-EU Europe",478882
2019-10-01,"Africa",292290
2019-10-01,"North America",1677327
2019-10-01,"Latin America",114544
2019-10-01,"Middle East",643064
2019-10-01,"Asia / Pacific",935301
2019-10-01,"Total",6994212
2019-11-01,"UK",414684
2019-11-01,"EU",2090235
2019-11-01,"Non-EU Europe",422161
2019-11-01,"Africa",284821
2019-11-01,"North America",1416945
2019-11-01,"Latin America",111486
2019-11-01,"Middle East",613100
2019-11-01,"Asia / Pacific",880369
2019-11-01,"Total",6233801
2019-12-01,"UK",396168
2019-12-01,"EU",2153470
2019-12-01,"Non-EU Europe",471837
2019-12-01,"Africa",310426
2019-12-01,"North America",1552509
2019-12-01,"Latin America",117139
2019-12-01,"Middle East",743168
2019-12-01,"Asia / Pacific",951362
2019-12-01,"Total",6696079
2020-01-01,"UK",359696
2020-01-01,"EU",1878161
2020-01-01,"Non-EU Europe",437485
2020-01-01,"Africa",316846
2020-01-01,"North America",1337738
2020-01-01,"Latin America",117017
2020-01-01,"Middle East",676728
2020-01-01,"Asia / Pacific",975699
2020-01-01,"Total",6099370
2020-02-01,"UK",347213
2020-02-01,"EU",1828813
2020-02-01,"Non-EU Europe",425015
2020-02-01,"Africa",278573
2020-02-01,"North America",1168007
2020-02-01,"Latin America",103391
2020-02-01,"Middle East",588926
2020-02-01,"Asia / Pacific",702143
2020-02-01,"Total",5442081
2020-03-01,"UK",206666
2020-03-01,"EU",875047
2020-03-01,"Non-EU Europe",217521
2020-03-01,"Africa",189912
2020-03-01,"North America",711105
2020-03-01,"Latin America",85453
2020-03-01,"Middle East",351785
2020-03-01,"Asia / Pacific",469356
2020-03-01,"Total",3106845
2020-04-01,"UK",9646
2020-04-01,"EU",66886
2020-04-01,"Non-EU Europe",7395
2020-04-01,"Africa",6900
2020-04-01,"North America",27127
2020-04-01,"Latin America",4055
2020-04-01,"Middle East",36547
2020-04-01,"Asia / Pacific",48044
2020-04-01,"Total",206600
2020-05-01,"UK",11979
2020-05-01,"EU",91583
2020-05-01,"Non-EU Europe",10990
2020-05-01,"Africa",8141
2020-05-01,"North America",31198
2020-05-01,"Latin America",3793
2020-05-01,"Middle East",30298
2020-05-01,"Asia / Pacific",40036
2020-05-01,"Total",228018
2020-06-01,"UK",19832
2020-06-01,"EU",151340
2020-06-01,"Non-EU Europe",25597
2020-06-01,"Africa",8911
2020-06-01,"North America",46320
2020-06-01,"Latin America",6037
2020-06-01,"Middle East",43411
2020-06-01,"Asia / Pacific",48835
2020-06-01,"Total",350283
2020-07-01,"UK",55358
2020-07-01,"EU",482159
2020-07-01,"Non-EU Europe",97353
2020-07-01,"Africa",20199
2020-07-01,"North America",70344
2020-07-01,"Latin America",7137
2020-07-01,"Middle East",75192
2020-07-01,"Asia / Pacific",58913
2020-07-01,"Total",866655
2020-08-01,"UK",89969
2020-08-01,"EU",835658
2020-08-01,"Non-EU Europe",181426
2020-08-01,"Africa",29720
2020-08-01,"North America",88295
2020-08-01,"Latin America",9692
2020-08-01,"Middle East",105480
2020-08-01,"Asia / Pacific",78443
2020-08-01,"Total",1418683
2020-09-01,"UK",98076
2020-09-01,"EU",653155
2020-09-01,"Non-EU Europe",128846
2020-09-01,"Africa",48488
2020-09-01,"North America",84339
2020-09-01,"Latin America",11654
2020-09-01,"Middle East",112831
2020-09-01,"Asia / Pacific",119090
2020-09-01,"Total",1256479
2020-10-01,"UK",121553
2020-10-01,"EU",600678
2020-10-01,"Non-EU Europe",103170
2020-10-01,"Africa",69440
2020-10-01,"North America",90869
2020-10-01,"Latin America",20494
2020-10-01,"Middle East",112512
2020-10-01,"Asia / Pacific",126908
2020-10-01,"Total",1245624
2020-11-01,"UK",57476
2020-11-01,"EU",239911
2020-11-01,"Non-EU Europe",67635
2020-11-01,"Africa",63301
2020-11-01,"North America",81713
2020-11-01,"Latin America",19881
2020-11-01,"Middle East",103496
2020-11-01,"Asia / Pacific",113541
2020-11-01,"Total",746954
2020-12-01,"UK",82577
2020-12-01,"EU",348372
2020-12-01,"Non-EU Europe",80839
2020-12-01,"Africa",107748
2020-12-01,"North America",124669
2020-12-01,"Latin America",42640
2020-12-01,"Middle East",225215
2020-12-01,"Asia / Pacific",131357
2020-12-01,"Total",1143417
2021-01-01,"UK",57487
2021-01-01,"EU",187045
2021-01-01,"Non-EU Europe",41452
2021-01-01,"Africa",75593
2021-01-01,"North America",85988
2021-01-01,"Latin America",10843
2021-01-01,"Middle East",132524
2021-01-01,"Asia / Pacific",86424
2021-01-01,"Total",677356
2021-02-01,"UK",50539
2021-02-01,"EU",118057
2021-02-01,"Non-EU Europe",37376
2021-02-01,"Africa",54579
2021-02-01,"North America",43430
2021-02-01,"Latin America",4608
2021-02-01,"Middle East",57238
2021-02-01,"Asia / Pacific",95361
2021-02-01,"Total",461188
2021-03-01,"UK",57745
2021-03-01,"EU",140232
2021-03-01,"Non-EU Europe",47670
2021-03-01,"Africa",60462
2021-03-01,"North America",51821
2021-03-01,"Latin America",5227
2021-03-01,"Middle East",65543
2021-03-01,"Asia / Pacific",112969
2021-03-01,"Total",541669
2021-04-01,"UK",61898
2021-04-01,"EU",173087
2021-04-01,"Non-EU Europe",53888
2021-04-01,"Africa",53952
2021-04-01,"North America",63093
2021-04-01,"Latin America",6196
2021-04-01,"Middle East",36683
2021-04-01,"Asia / Pacific",87242
2021-04-01,"Total",536039
2021-05-01,"UK",100121
2021-05-01,"EU",257951
2021-05-01,"Non-EU Europe",54016
2021-05-01,"Africa",54064
2021-05-01,"North America",87631
2021-05-01,"Latin America",9297
2021-05-01,"Middle East",49194
2021-05-01,"Asia / Pacific",62940
2021-05-01,"Total",675214
2021-06-01,"UK",140496
2021-06-01,"EU",354584
2021-06-01,"Non-EU Europe",74538
2021-06-01,"Africa",61534
2021-06-01,"North America",140532
2021-06-01,"Latin America",17320
2021-06-01,"Middle East",87668
2021-06-01,"Asia / Pacific",80017
2021-06-01,"Total",956689
2021-07-01,"UK",167323
2021-07-01,"EU",639971
2021-07-01,"Non-EU Europe",124164
2021-07-01,"Africa",79648
2021-07-01,"North America",232037
2021-07-01,"Latin America",36383
2021-07-01,"Middle East",134050
2021-07-01,"Asia / Pacific",97269
2021-07-01,"Total",1510845
2021-08-01,"UK",197905
2021-08-01,"EU",1001708
2021-08-01,"Non-EU Europe",189865
2021-08-01,"Africa",85931
2021-08-01,"North America",356144
2021-08-01,"Latin America",56430
2021-08-01,"Middle East",207680
2021-08-01,"Asia / Pacific",136663
2021-08-01,"Total",2232326
2021-09-01,"UK",206701
2021-09-01,"EU",1172681
2021-09-01,"Non-EU Europe",194818
2021-09-01,"Africa",81219
2021-09-01,"North America",397954
2021-09-01,"Latin America",43561
2021-09-01,"Middle East",264724
2021-09-01,"Asia / Pacific",209541
2021-09-01,"Total",2571199
2021-10-01,"UK",245037
2021-10-01,"EU",1338270
2021-10-01,"Non-EU Europe",265256
2021-10-01,"Africa",115192
2021-10-01,"North America",432085
2021-10-01,"Latin America",48804
2021-10-01,"Middle East",379041
2021-10-01,"Asia / Pacific",219573
2021-10-01,"Total",3043258
2021-11-01,"UK",256999
2021-11-01,"EU",1059065
2021-11-01,"Non-EU Europe",242102
2021-11-01,"Africa",150929
2021-11-01,"North America",648595
2021-11-01,"Latin America",58133
2021-11-01,"Middle East",403142
2021-11-01,"Asia / Pacific",246809
2021-11-01,"Total",3065774
2021-12-01,"UK",225963
2021-12-01,"EU",815187
2021-12-01,"Non-EU Europe",211735
2021-12-01,"Africa",167205
2021-12-01,"North America",798330
2021-12-01,"Latin America",116038
2021-12-01,"Middle East",483254
2021-12-01,"Asia / Pacific",303876
2021-12-01,"Total",3121588
2022-01-01,"UK",189299
2022-01-01,"EU",690652
2022-01-01,"Non-EU Europe",220923
2022-01-01,"Africa",183754
2022-01-01,"North America",549492
2022-01-01,"Latin America",125694
2022-01-01,"Middle East",366998
2022-01-01,"Asia / Pacific",271744
2022-01-01,"Total",2598556
2022-02-01,"UK",200868
2022-02-01,"EU",889497
2022-02-01,"Non-EU Europe",281758
2022-02-01,"Africa",195721
2022-02-01,"North America",501228
2022-02-01,"Latin America",117843
2022-02-01,"Middle East",420552
2022-02-01,"Asia / Pacific",256029
2022-02-01,"Total",2863496
2022-03-01,"UK",279614
2022-03-01,"EU",1397161
2022-03-01,"Non-EU Europe",375701
2022-03-01,"Africa",238135
2022-03-01,"North America",888643
2022-03-01,"Latin America",134256
2022-03-01,"Middle East",562911
2022-03-01,"Asia / Pacific",320235
2022-03-01,"Total",4196656
2022-04-01,"UK",293228
2022-04-01,"EU",1919531
2022-04-01,"Non-EU Europe",405752
2022-04-01,"Africa",245068
2022-04-01,"North America",1198441
2022-04-01,"Latin America",140984
2022-04-01,"Middle East",534926
2022-04-01,"Asia / Pacific",343496
2022-04-01,"Total",5081426
2022-05-01,"UK",324822
2022-05-01,"EU",1996464
2022-05-01,"Non-EU Europe",367139
2022-05-01,"Africa",227260
2022-05-01,"North America",1402637
2022-05-01,"Latin America",138083
2022-05-01,"Middle East",528312
2022-05-01,"Asia / Pacific",356634
2022-05-01,"Total",5341351
2022-06-01,"UK",320034
2022-06-01,"EU",2251783
2022-06-01,"Non-EU Europe",400102
2022-06-01,"Africa",209208
2022-06-01,"North America",1668369
2022-06-01,"Latin America",137209
2022-06-01,"Middle East",541116
2022-06-01,"Asia / Pacific",462564
2022-06-01,"Total",5990385
2022-07-01,"UK",265100
2022-07-01,"EU",2222901
2022-07-01,"Non-EU Europe",413551
2022-07-01,"Africa",242059
2022-07-01,"North America",1755356
2022-07-01,"Latin America",155448
2022-07-01,"Middle East",707731
2022-07-01,"Asia / Pacific",550010
2022-07-01,"Total",6312156
2022-08-01,"UK",247420
2022-08-01,"EU",2119603
2022-08-01,"Non-EU Europe",404393
2022-08-01,"Africa",256852
2022-08-01,"North America",1595288
2022-08-01,"Latin America",148782
2022-08-01,"Middle East",724112
2022-08-01,"Asia / Pacific",543537
2022-08-01,"Total",6039987
2022-09-01,"UK",257445
2022-09-01,"EU",2086847
2022-09-01,"Non-EU Europe",369928
2022-09-01,"Africa",244895
2022-09-01,"North America",1510227
2022-09-01,"Latin America",142057
2022-09-01,"Middle East",615855
2022-09-01,"Asia / Pacific",553191
2022-09-01,"Total",5780445
2022-10-01,"UK",298143
2022-10-01,"EU",2019115
2022-10-01,"Non-EU Europe",404779
2022-10-01,"Africa",257686
2022-10-01,"North America",1539862
2022-10-01,"Latin America",152420
2022-10-01,"Middle East",657756
2022-10-01,"Asia / Pacific",563433
2022-10-01,"Total",5893194
2022-11-01,"UK",356329
2022-11-01,"EU",1854824
2022-11-01,"Non-EU Europe",374624
2022-11-01,"Africa",267899
2022-11-01,"North America",1336270
2022-11-01,"Latin America",159282
2022-11-01,"Middle East",594968
2022-11-01,"Asia / Pacific",614463
2022-11-01,"Total",5558659
2022-12-01,"UK",323816
2022-12-01,"EU",1851054
2022-12-01,"Non-EU Europe",428492
2022-12-01,"Africa",311015
2022-12-01,"North America",1453474
2022-12-01,"Latin America",171409
2022-12-01,"Middle East",690258
2022-12-01,"Asia / Pacific",713370
2022-12-01,"Total",5942888
2023-01-01,"UK",330990
2023-01-01,"EU",1623316
2023-01-01,"Non-EU Europe",414638
2023-01-01,"Africa",320276
2023-01-01,"North America",1207027
2023-01-01,"Latin America",180060
2023-01-01,"Middle East",641182
2023-01-01,"Asia / Pacific",764400
2023-01-01,"Total",5481889
2023-02-01,"UK",321722
2023-02-01,"EU",1698646
2023-02-01,"Non-EU Europe",393054
2023-02-01,"Africa",284580
2023-02-01,"North America",1041781
2023-02-01,"Latin America",170247
2023-02-01,"Middle East",595492
2023-02-01,"Asia / Pacific",689495
2023-02-01,"Total",5195017
2023-03-01,"UK",361458
2023-03-01,"EU",2020269
2023-03-01,"Non-EU Europe",446810
2023-03-01,"Africa",312404
2023-03-01,"North America",1505953
2023-03-01,"Latin America",183876
2023-03-01,"Middle East",643125
2023-03-01,"Asia / Pacific",755739
2023-03-01,"Total",6229634
2023-04-01,"UK",326198
2023-04-01,"EU",2210919
2023-04-01,"Non-EU Europe",420487
2023-04-01,"Africa",292264
2023-04-01,"North America",1679309
2023-04-01,"Latin America",165742
2023-04-01,"Middle East",599343
2023-04-01,"Asia / Pacific",704608
2023-04-01,"Total",6398870
2023-05-01,"UK",370789
2023-05-01,"EU",2276266
2023-05-01,"Non-EU Europe",408762
2023-05-01,"Africa",283782
2023-05-01,"North America",1879020
2023-05-01,"Latin America",167432
2023-05-01,"Middle East",605629
2023-05-01,"Asia / Pacific",735579
2023-05-01,"Total",6727259
2023-06-01,"UK",352489
2023-06-01,"EU",2392513
2023-06-01,"Non-EU Europe",443936
2023-06-01,"Africa",283679
2023-06-01,"North America",1959211
2023-06-01,"Latin America",160533
2023-06-01,"Middle East",614227
2023-06-01,"Asia / Pacific",834569
2023-06-01,"Total",7041157
2023-07-01,"UK",356413
2023-07-01,"EU",2569964
2023-07-01,"Non-EU Europe",509902
2023-07-01,"Africa",314578
2023-07-01,"North America",2037496
2023-07-01,"Latin America",177253
2023-07-01,"Middle East",745186
2023-07-01,"Asia / Pacific",950990
2023-07-01,"Total",7661782
2023-08-01,"UK",361042
2023-08-01,"EU",2525746
2023-08-01,"Non-EU Europe",494052
2023-08-01,"Africa",308585
2023-08-01,"North America",1967275
2023-08-01,"Latin America",175943
2023-08-01,"Middle East",791960
2023-08-01,"Asia / Pacific",929182
2023-08-01,"Total",7553785
2023-09-01,"UK",358230
2023-09-01,"EU",2419371
2023-09-01,"Non-EU Europe",445100
2023-09-01,"Africa",297593
2023-09-01,"North America",1821157
2023-09-01,"Latin America",165028
2023-09-01,"Middle East",686157
2023-09-01,"Asia / Pacific",882894
2023-09-01,"Total",7075530
2023-10-01,"UK",361035
2023-10-01,"EU",2316013
2023-10-01,"Non-EU Europe",458080
2023-10-01,"Africa",310766
2023-10-01,"North America",1812147
2023-10-01,"Latin America",167987
2023-10-01,"Middle East",683284
2023-10-01,"Asia / Pacific",850627
2023-10-01,"Total",6959939
2023-11-01,"UK",384195
2023-11-01,"EU",1996952
2023-11-01,"Non-EU Europe",407295
2023-11-01,"Africa",281139
2023-11-01,"North America",1438758
2023-11-01,"Latin America",164449
2023-11-01,"Middle East",667970
2023-11-01,"Asia / Pacific",786669
2023-11-01,"Total",6127427
2023-12-01,"UK",358392
2023-12-01,"EU",2109889
2023-12-01,"Non-EU Europe",486667
2023-12-01,"Africa",309399
2023-12-01,"North America",1612158
2023-12-01,"Latin America",186301
2023-12-01,"Middle East",744254
2023-12-01,"Asia / Pacific",892374
2023-12-01,"Total",6699434
2024-01-01,"UK",356512
2024-01-01,"EU",1758583
2024-01-01,"Non-EU Europe",442624
2024-01-01,"Africa",309766
2024-01-01,"North America",1322104
2024-01-01,"Latin America",194194
2024-01-01,"Middle East",707957
2024-01-01,"Asia / Pacific",904532
2024-01-01,"Total",5996272
2024-02-01,"UK",358714
2024-02-01,"EU",1867564
2024-02-01,"Non-EU Europe",449320
2024-02-01,"Africa",284593
2024-02-01,"North America",1121476
2024-02-01,"Latin America",175887
2024-02-01,"Middle East",684760
2024-02-01,"Asia / Pacific",853581
2024-02-01,"Total",5795895
