Industry Name,Number of Firms,Dividends in $ millions,Buybacks in $ millions,Equity Issuance in $ millions,Net Equity Change  in $ millions,Net Equity Change as % of Book Equity,Debt Repaid  in $ millions,Debt Raised in $ millions,Net Debt Change in $ millions,Net Change in Debt as % of Total Debt,Change in Lease Debt  in $ millions,Number of firms_x,Gross Margin,Net Margin,"Pre-tax, Pre-stock compensation Operating Margin",Pre-tax Unadjusted Operating Margin,After-tax Unadjusted Operating Margin,Pre-tax Lease adjusted Margin,After-tax Lease Adjusted Margin,Pre-tax Lease & R&D adj Margin,After-tax Lease & R&D adj Margin,EBITDA/Sales,EBITDASG&A/Sales,EBITDAR&D/Sales,COGS/Sales,R&D/Sales,SG&A/ Sales,Stock-Based Compensation/Sales,Lease Expense/Sales,Number of firms_y,Acc Rec/ Sales,Inventory/Sales,Acc Pay/ Sales,Non-cash WC/ Sales
Advertising,57,1059.36,1952.838,226.694,-1726.144,-0.149972667,4819.999,4745.615,-74.384,-0.003561975,-121.8,57,0.28,0.01,0.12,0.1,0.09,0.1,0.09,0.1,0.1,0.15,0.28,0.17,0.72,0.02,0.13,0.03,0.03,57,0.491655629,0.038482335,0.485027585,0.012534141
Aerospace/Defense,70,10325.45,15452.949,1830.178,-13622.771,-0.093450474,35097.149,43799.035,8701.886,0.045859882,196.368,70,0.17,0.05,0.1,0.09,0.08,0.09,0.08,0.09,0.08,0.12,0.19,0.16,0.83,0.04,0.06,0.01,0.01,70,0.23705668,0.314989929,0.103272498,0.450427642
Air Transport,25,503.1,483.242,493.816,10.574,0.000362537,18227.483,8391.1,-9836.383,-0.086867966,6091.559,25,0.26,0.03,0.07,0.07,0.06,0.07,0.06,0.07,0.06,0.08,0.12,0.08,0.74,0.0,0.04,0.0,0.06,25,0.040626413,0.029955798,0.067488678,0.010944385
Apparel,38,1691.357,1886.779,138.304,-1748.475,-0.071346332,11930.468,11017.544,-912.924,-0.045346181,1648.296,38,0.52,0.03,0.1,0.09,0.08,0.1,0.09,0.1,0.09,0.12,0.55,0.13,0.48,0.0,0.43,0.01,0.05,38,0.121573841,0.202508897,0.084567848,0.246502617
Auto & Truck,34,5839.1,3034.177,5839.531,2805.354,0.015964403,90281.217,110112.329,19831.112,0.069690607,2690.6,34,0.12,0.04,0.06,0.05,0.05,0.05,0.05,0.05,0.05,0.09,0.15,0.14,0.88,0.05,0.06,0.01,0.0,34,0.051275304,0.121865292,0.159317926,-0.021993841
Auto Parts,39,705.751,531.984,386.247,-145.737,-0.005361852,6014.958,6159.996,145.038,0.006960222,393.398,39,0.15,0.02,0.06,0.05,0.05,0.05,0.05,0.06,0.05,0.09,0.17,0.13,0.85,0.04,0.08,0.01,0.01,39,0.171057064,0.122402821,0.139229259,0.154509247
Bank (Money Center),15,34903.054,25724.0,1032.41,-24691.59,-0.025609363,234071.5,556622.0,322550.5,0.122706634,0.0,15,1.0,0.31,0.02,0.0,0.0,0.0,0.0,0.0,0.0,0.0,0.56,0.0,0.0,0.0,0.56,0.02,0.02,15,0.0,0.001424467,,
Banks (Regional),625,18260.63348,6382.25,1198.296,-5183.954,-0.011035831,554628.332,646598.042,91969.71,0.170733544,0.0,625,0.99,0.3,0.02,0.0,0.0,0.0,0.0,0.0,0.0,0.0,0.5,0.0,0.01,0.0,0.5,0.02,0.02,625,0.0,0.00506461,,
Beverage (Alcoholic),19,1374.5,534.822,124.588,-410.234,-0.014184989,3704.538,4698.195,993.657,0.045340578,-76.523,19,0.45,0.09,0.21,0.21,0.18,0.21,0.19,0.21,0.19,0.23,0.47,0.23,0.55,0.0,0.24,0.01,0.01,19,0.10704087,0.21921171,0.179481858,0.171162482
Beverage (Soft),29,15531.3,4051.939,807.34,-3244.599,-0.042380831,9740.571,16864.554,7123.983,0.069506798,1188.394,29,0.55,0.14,0.2,0.19,0.18,0.19,0.18,0.19,0.18,0.2,0.55,0.21,0.45,0.0,0.35,0.01,0.01,29,0.112028952,0.076276782,0.267145183,-0.071416169
Broadcasting,22,1166.889,3367.497,6.963,-3360.534,-0.070458817,2469.897,1009.652,-1460.245,-0.024849131,249.5,22,0.39,-0.01,0.13,0.12,0.11,0.12,0.11,0.12,0.11,0.2,0.42,0.2,0.61,0.0,0.22,0.01,0.01,22,0.202514799,0.024025403,0.029534282,0.109229574
Brokerage & Investment Banking,27,12346.393,23703.2,325.216,-23377.984,-0.085819768,142223.066,203738.886,61515.82,0.052869626,274.2,27,0.62,0.12,0.04,0.01,0.01,0.01,0.01,0.01,0.0,0.01,0.38,0.01,0.38,0.0,0.37,0.03,0.02,27,1.405918265,0.002825573,,
Building Materials,44,3011.12,6186.842,166.148,-6020.694,-0.123908037,18252.038,15667.293,-2584.745,-0.064353072,322.027,44,0.31,0.08,0.14,0.14,0.11,0.14,0.11,0.14,0.11,0.18,0.34,0.19,0.69,0.01,0.16,0.01,0.01,44,0.135113463,0.121646866,0.086695871,0.183562113
Business & Consumer Services,162,8152.711,12601.259,2303.586,-10297.673,-0.105697997,39545.503,43002.207,3456.704,0.036635681,-1345.704,162,0.34,0.05,0.12,0.11,0.1,0.11,0.1,0.11,0.1,0.15,0.34,0.16,0.67,0.01,0.19,0.01,0.01,162,0.180205065,0.016879828,0.067598563,0.134844252
Cable TV,10,5197.0,15275.1,38.0,-15237.1,-0.125148046,36775.3,41643.8,4868.5,0.017619645,215.7,10,0.59,0.11,0.21,0.19,0.15,0.19,0.15,0.19,0.15,0.32,0.58,0.32,0.41,0.0,0.26,0.01,0.01,10,0.083562168,0.002583583,0.078772207,-0.000977412
Chemical (Basic),32,5979.3,2032.36,266.383,-1765.977,-0.034483828,5002.751,6441.554,1438.803,0.031778275,2202.157,32,0.14,0.04,0.08,0.08,0.07,0.08,0.07,0.08,0.07,0.19,0.23,0.2,0.86,0.01,0.05,0.0,0.02,32,0.11150639,0.139841239,0.105584332,0.147391721
Chemical (Diversified),4,317.0,885.4,22.0,-863.4,-0.154573839,571.6,893.89,322.29,0.052316493,-351.281,4,0.18,-0.01,0.02,0.02,0.01,0.02,0.01,0.01,0.01,0.19,0.34,0.21,0.82,0.02,0.15,0.0,0.01,4,0.124588851,0.176831233,0.128932388,0.176213888
Chemical (Specialty),68,7981.39,9850.44,783.892,-9066.548,-0.056441672,33835.894,34119.554,283.66,0.002362571,1300.642,68,0.33,0.11,0.14,0.13,0.12,0.13,0.12,0.13,0.12,0.21,0.37,0.24,0.67,0.03,0.16,0.01,0.01,68,0.168638709,0.179818286,0.124585457,0.227477659
Coal & Related Energy,18,248.95,606.088,301.384,-304.704,-0.05392304,1810.427,1325.558,-484.869,-0.177153712,193.988,18,0.35,0.16,0.22,0.21,0.2,0.21,0.2,0.21,0.2,0.24,0.29,0.25,0.65,0.0,0.05,0.01,0.01,18,0.07008209,0.10208488,0.110575349,0.061300783
Computer Services,72,7387.793,6030.717,385.12,-5645.597,-0.081874168,19586.917,22594.988,3008.071,0.03432034,1946.858,72,0.26,0.04,0.08,0.07,0.06,0.07,0.07,0.07,0.07,0.1,0.25,0.12,0.74,0.02,0.16,0.01,0.01,72,0.179239093,0.076690888,0.128251325,0.138531217
Computers/Peripherals,36,18324.54,87427.475,438.446,-86989.029,-1.031604999,39588.794,27648.056,-11940.738,-0.067215069,-7513.74,36,0.38,0.17,0.23,0.21,0.19,0.21,0.19,0.21,0.2,0.25,0.34,0.31,0.62,0.07,0.09,0.02,0.03,36,0.089198824,0.04899177,0.182668485,-0.098693445
Construction Supplies,45,4982.768,4563.489,220.342,-4343.147,-0.056034364,23146.132,25712.587,2566.455,0.029213403,1153.69,11,0.27,0.14,0.2,0.19,0.16,0.19,0.16,0.19,0.16,0.22,0.29,0.22,0.73,0.0,0.07,0.01,0.02,45,0.136098347,0.192861863,0.115030937,0.193780204
Diversified,23,6830.388,15183.18,1084.255,-14098.925,-0.026728454,43736.066,42227.31,-1508.756,-0.007322308,-250.96,23,0.28,0.16,0.23,0.23,0.22,0.23,0.22,0.23,0.22,0.01,0.06,0.03,0.72,0.01,0.04,0.0,0.01,23,0.133004143,0.10495149,0.146248647,0.050020771
Drugs (Biotechnology),572,18656.011,9460.017,28941.024,19481.007,0.10052475,16369.053,33021.901,16652.848,0.089187108,-970.321,572,0.56,-0.12,0.08,0.01,0.01,0.01,0.01,0.04,0.04,0.22,0.55,0.66,0.44,0.44,0.33,0.07,0.02,572,0.205401642,0.112877198,0.196665134,0.099810417
Drugs (Pharmaceutical),245,38968.192,17879.776,5522.455,-12357.321,-0.038425706,41752.27,68452.607,26700.337,0.10475758,3634.053,245,0.65,0.15,0.2,0.18,0.18,0.18,0.18,0.21,0.21,0.39,0.62,0.61,0.35,0.22,0.23,0.02,0.01,245,0.188097777,0.132702724,0.079041407,0.223691214
Education,31,97.12,966.015,94.245,-871.77,-0.057241435,2259.685,1537.477,-722.208,-0.147166536,173.761,31,0.44,0.01,0.09,0.06,0.05,0.05,0.05,0.05,0.05,0.1,0.43,0.15,0.56,0.05,0.33,0.04,0.03,31,0.117829469,0.015606746,0.042435397,0.090768336
Electrical Equipment,103,2451.023,5870.99,3115.708,-2755.282,-0.04577154,16256.413,18191.608,1935.195,0.039057531,973.726,103,0.33,0.15,0.11,0.09,0.08,0.09,0.09,0.1,0.09,0.14,0.34,0.18,0.67,0.04,0.2,0.02,0.01,103,0.204882606,0.176976727,0.104511993,0.282731492
Electronics (Consumer & Office),13,0.0,193.63,36.461,-157.169,-0.052920459,397.182,379.297,-17.885,-0.023463092,74.41,13,0.32,-0.03,0.03,0.0,0.0,0.0,0.0,0.01,0.01,0.04,0.26,0.13,0.68,0.09,0.23,0.03,0.01,13,0.122486593,0.168182221,0.112657396,0.155335427
Electronics (General),129,1831.58,3764.32,1103.577,-2660.743,-0.036458479,18464.186,19394.996,930.81,0.021908233,643.669,129,0.27,0.05,0.11,0.09,0.09,0.1,0.09,0.1,0.09,0.15,0.27,0.2,0.73,0.05,0.13,0.01,0.01,129,0.169237425,0.180674321,0.119003843,0.240139866
Engineering/Construction,43,492.601,1980.478,999.825,-980.653,-0.027661452,36877.771,37854.438,976.667,0.032810484,2554.816,77,0.2,0.06,0.11,0.1,0.09,0.11,0.09,0.11,0.09,0.1,0.18,0.12,0.8,0.02,0.08,0.0,0.01,43,0.273885191,0.018002383,0.0966689,0.189248858
Entertainment,98,1492.31436,5833.545,511.1,-5322.445,-0.026881123,27061.97,18662.649,-8399.321,-0.05579813,21600.871,98,0.38,0.0,0.09,0.07,0.07,0.07,0.07,0.07,0.07,0.14,0.34,0.17,0.62,0.03,0.21,0.02,0.04,98,0.102874215,0.02204576,0.082142852,0.038054347
Environmental & Waste Services,57,2133.7,2222.383,649.506,-1572.877,-0.056290187,61460.123,65807.336,4347.213,0.103764302,2131.026,57,0.35,0.08,0.14,0.14,0.13,0.14,0.13,0.14,0.13,0.2,0.34,0.21,0.65,0.0,0.14,0.01,0.02,57,0.161023953,0.016083582,0.073244194,0.101805916
Farming/Agriculture,42,3212.82,9424.438,180.218,-9244.22,-0.137188538,48098.441,59882.17,11783.729,0.130650731,1617.869,42,0.16,0.07,0.1,0.1,0.1,0.1,0.1,0.1,0.1,0.11,0.16,0.12,0.84,0.01,0.05,0.0,0.01,42,0.079492976,0.13740553,0.064047246,0.147225005
Financial Svcs. (Non-bank & Insurance),172,22615.112,54711.026,2466.999,-52244.027,-0.143656413,1803565.009,1592262.345,-211302.664,-0.026101428,510.252,192,0.66,0.15,0.18,0.16,0.14,0.16,0.14,0.16,0.14,0.21,0.49,0.23,0.34,0.02,0.28,0.02,0.01,172,14.57816999,0.004322387,1.767873353,13.07969871
Food Processing,82,11853.45,5461.523,565.967,-4895.556,-0.028664917,34111.417,37464.558,3353.141,0.025713982,3372.819,93,0.24,0.05,0.11,0.1,0.1,0.11,0.1,0.11,0.1,0.14,0.27,0.15,0.76,0.01,0.13,0.0,0.02,82,0.077003046,0.127384174,0.120375099,0.060076717
Food Wholesalers,14,1054.3,748.82,153.655,-595.165,-0.045485776,8945.27,7521.89,-1423.38,-0.057238841,1101.869,14,0.15,0.01,0.02,0.02,0.02,0.02,0.02,0.02,0.02,0.03,0.15,0.03,0.85,0.0,0.12,0.0,0.0,14,0.054217058,0.064888277,0.062572395,0.057756763
Furn/Home Furnishings,31,1579.4912,219.766,97.051,-122.715,-0.005919142,29119.931,31070.062,1950.131,0.107148613,653.397,31,0.26,-0.02,0.07,0.06,0.05,0.06,0.05,0.06,0.05,0.1,0.29,0.12,0.74,0.02,0.19,0.01,0.02,31,0.124239631,0.165634831,0.125007842,0.139737695
Green & Renewable Energy,17,284.2,5.267,426.258,420.991,0.040474455,5357.01,6326.374,969.364,0.030163187,88.875,17,0.62,0.15,0.24,0.23,0.22,0.22,0.21,0.22,0.21,0.54,0.65,0.54,0.38,0.0,0.11,0.01,0.01,17,0.316671599,0.03581045,0.144705971,-0.279816255
Healthcare Products,230,7563.341,7194.111,3073.848,-4120.263,-0.018897749,16405.396,26151.89,9746.494,0.077599953,1492.998,230,0.56,0.08,0.16,0.13,0.13,0.13,0.13,0.14,0.13,0.21,0.53,0.29,0.44,0.09,0.32,0.02,0.01,230,0.165414212,0.188815593,0.07689535,0.25574202
Healthcare Support Services,119,14897.92,32806.433,3481.955,-29324.478,-0.091089048,131486.475,153721.768,22235.293,0.081293711,914.394,119,0.14,0.02,0.04,0.04,0.04,0.04,0.04,0.04,0.04,0.05,0.14,0.05,0.86,0.0,0.1,0.0,0.0,119,0.06737781,0.037801482,0.14768844,-0.065254137
Heathcare Information and Technology,128,1752.494,9780.639,1170.511,-8610.128,-0.050182785,15632.945,23915.714,8282.769,0.074220345,2205.914,128,0.48,0.06,0.17,0.14,0.14,0.14,0.14,0.14,0.14,0.24,0.49,0.3,0.52,0.07,0.25,0.03,0.01,128,0.190597877,0.103361523,0.069953912,0.229458753
Homebuilding,32,1349.61,4501.742,465.759,-4035.983,-0.044022757,24487.542,20767.149,-3720.393,-0.108644026,-97.796,32,0.25,0.12,0.17,0.16,0.13,0.16,0.14,0.16,0.14,0.18,0.27,0.18,0.75,0.0,0.09,0.0,0.0,32,0.016073563,0.598983836,0.044362006,0.585108097
Hospitals/Healthcare Facilities,32,908.4,5346.702,1241.949,-4104.753,-0.357874074,11171.747,12028.564,856.817,0.009749983,268.272,32,0.36,0.05,0.12,0.12,0.11,0.12,0.11,0.12,0.11,0.15,0.18,0.15,0.64,0.0,0.03,0.01,0.02,32,0.145620671,0.022199305,0.06561466,0.111734133
Hotel/Gaming,68,1647.753,28508.052,478.616,-28029.436,-0.514441261,43891.562,44724.87,833.308,0.003655623,9172.253,68,0.6,0.1,0.19,0.17,0.16,0.13,0.12,0.14,0.12,0.18,0.47,0.2,0.4,0.03,0.29,0.02,0.03,68,0.108457883,0.029407194,0.07833582,0.029915133
Household Products,93,29193.22,7564.115,6396.126,-1167.989,-0.013195333,31985.985,40958.775,8972.79,0.088971651,-1025.293,19,0.45,0.13,0.19,0.19,0.16,0.19,0.17,0.19,0.17,0.22,0.47,0.24,0.55,0.02,0.26,0.01,0.01,93,0.093176479,0.11901294,0.139531488,0.074964449
Information Services,18,760.9,1181.774,502.722,-679.052,-0.045662987,6194.554,6611.357,416.803,0.019568271,-677.535,18,0.33,0.03,0.13,0.12,0.1,0.12,0.1,0.12,0.1,0.17,0.34,0.19,0.67,0.02,0.17,0.01,0.02,18,0.182406153,0.001050571,0.032387678,0.157323363
Insurance (General),21,3084.824,4311.146,389.926,-3921.22,-0.056308018,9055.621,8907.056,-148.565,-0.002658501,-316.317,21,0.34,0.09,0.16,0.15,0.13,0.15,0.13,0.15,0.13,0.29,0.41,0.29,0.66,0.0,0.12,0.01,0.01,21,0.250085446,1.13187e-07,0.755488669,-9.32563e-05
Insurance (Life),23,5932.29,9530.786,428.103,-9102.683,-0.077446244,16309.155,7077.4,-9231.755,-0.048218439,-513.0,23,0.2,0.01,0.01,0.0,0.0,0.0,0.0,0.0,0.0,0.09,0.2,0.09,0.8,0.0,0.11,0.01,0.0,23,0.19635347,0.0,0.139821109,0.286158812
Insurance (Prop/Cas.),50,5608.5325,6758.875,459.168,-6299.707,-0.040871519,19259.228,19709.38,450.152,0.006445031,-155.772,50,0.23,0.05,0.08,0.07,0.06,0.07,0.07,0.07,0.07,0.06,0.17,0.06,0.77,0.0,0.11,0.0,0.0,50,0.178064789,0.0,0.829742214,-0.409374898
Investments & Asset Management,334,11402.766,45137.932,4258.826,-40879.106,-0.208063222,35499.584,53532.647,18033.063,0.079103657,794.014,334,0.67,0.2,0.19,0.15,0.13,0.15,0.13,0.15,0.13,0.18,0.53,0.18,0.33,0.01,0.35,0.04,0.02,334,0.268271765,8.93003e-05,,
Machinery,103,6629.376,5054.597,1613.781,-3440.816,-0.035810244,23734.025,25930.189,2196.164,0.027168614,598.01,103,0.36,0.1,0.16,0.15,0.13,0.15,0.13,0.15,0.13,0.17,0.36,0.2,0.64,0.02,0.19,0.01,0.01,103,0.182317087,0.174139034,0.09660428,0.251733964
Metals & Mining,68,3736.7,112.352,422.04,309.688,0.009626089,5078.387,3443.944,-1634.443,-0.07571127,232.93,68,0.31,0.07,0.2,0.2,0.19,0.2,0.19,0.2,0.19,0.32,0.36,0.32,0.69,0.0,0.04,0.01,0.01,68,0.067961121,0.209194388,0.125615248,0.153215584
Office Equipment & Services,17,336.594,38.51,13.672,-24.838,-0.004426094,4207.866,4259.654,51.788,0.007712251,58.53,17,0.35,0.01,0.08,0.07,0.06,0.08,0.06,0.08,0.06,0.1,0.36,0.12,0.65,0.02,0.26,0.01,0.02,17,0.118078182,0.118755494,0.108980851,0.091260792
Oil/Gas (Integrated),4,26842.292,34709.26,94.192,-34615.068,-0.095085552,10419.8,111.8,-10308.0,-0.126272463,-126.6,4,0.37,0.12,0.16,0.16,0.12,0.16,0.12,0.16,0.12,0.29,0.37,0.29,0.63,0.0,0.07,0.0,0.01,4,0.115765025,0.061523598,0.150179836,0.033696495
Oil/Gas (Production and Exploration),166,23035.563,19447.257,1494.156,-17953.101,-0.075785908,53721.707,64999.009,11277.302,0.089858225,8863.503,166,0.59,0.28,0.38,0.37,0.35,0.38,0.36,0.38,0.36,0.62,0.67,0.62,0.41,0.0,0.05,0.01,0.02,166,0.120980984,0.020008549,0.098835953,0.009995129
Oil/Gas Distribution,24,9714.68,3575.322,580.565,-2994.757,-0.052086508,89248.029,96831.297,7583.268,0.049989266,-723.939,24,0.53,0.24,0.39,0.38,0.34,0.38,0.35,0.38,0.35,0.29,0.35,0.29,0.47,0.0,0.06,0.01,0.01,24,0.081932501,0.029103955,0.075755059,0.025338522
Oilfield Svcs/Equip.,100,8783.424,25259.286,2347.561,-22911.725,-0.145456386,35837.887,35448.12,-389.767,-0.003435064,4676.679,100,0.14,0.06,0.09,0.09,0.08,0.09,0.08,0.09,0.08,0.11,0.15,0.12,0.86,0.0,0.03,0.0,0.01,100,0.093491198,0.071232685,0.096742561,0.063418447
Packaging & Container,22,2944.63,2233.409,88.025,-2145.384,-0.043707901,21249.516,23186.13,1936.614,0.025237885,1078.398,11,0.2,0.05,0.11,0.1,0.08,0.1,0.08,0.1,0.08,0.15,0.22,0.15,0.8,0.01,0.07,0.0,0.01,22,0.137484625,0.126565697,0.130548283,0.111226816
Paper/Forest Products,7,105.0,152.9,0.093,-152.807,-0.060866915,1096.244,874.84,-221.404,-0.079682428,146.67,7,0.2,0.04,0.1,0.1,0.09,0.1,0.09,0.1,0.09,0.24,0.32,0.24,0.8,0.0,0.09,0.01,0.01,7,0.09224026,0.14926502,0.096848056,0.128966725
Power,50,25160.666,2234.856,10130.443,7895.587,0.020700507,115853.527,174500.454,58646.927,0.085475894,2158.91,50,0.37,0.09,0.17,0.16,0.14,0.16,0.14,0.16,0.14,0.28,0.3,0.28,0.63,0.0,0.02,0.0,0.02,50,0.157171409,0.067516724,0.123251283,0.082551594
Precious Metals,61,1802.4275,75.47,409.079,333.609,0.009104216,1572.409,1316.5,-255.909,-0.023297938,2676.767,61,0.32,-0.04,0.1,0.09,0.09,0.1,0.09,0.09,0.09,0.32,0.4,0.33,0.68,0.01,0.07,0.01,0.06,61,0.027459117,0.19088461,0.088451556,0.098325052
Publishing & Newspapers,21,423.56,564.638,24.141,-540.497,-0.037778067,5079.494,4548.328,-531.166,-0.068148294,-85.99,13,0.49,0.02,0.09,0.08,0.07,0.07,0.06,0.07,0.07,0.12,0.45,0.13,0.51,0.01,0.33,0.01,0.02,21,0.126226475,0.046886264,0.05726404,0.101333755
R.E.I.T.,193,50197.9265,4672.188,25049.935,20377.747,0.03994685,8890201.059,8939820.932,49619.873,0.054417666,3908.198,181,0.56,0.12,0.24,0.22,0.22,0.2,0.19,0.2,0.19,0.45,0.55,0.45,0.44,0.0,0.1,0.02,0.02,193,1.394585333,0.006097075,0.128320091,1.336862841
Real Estate (Development),17,1.132,13.56,6.236,-7.324,-0.001411784,677.891,1288.202,610.311,0.100169397,-0.753,17,0.32,-0.16,0.14,0.13,0.12,0.11,0.11,0.11,0.11,0.28,0.37,0.28,0.68,0.0,0.09,0.01,0.01,17,0.046652506,0.132883667,0.046321069,0.040784819
Real Estate (General/Diversified),11,51.1,18.236,0.0,-18.236,-0.008102008,73.83,206.86,133.03,0.094656326,117.0,11,0.47,0.17,0.18,0.16,0.14,0.16,0.14,0.16,0.14,0.2,0.53,0.2,0.53,0.0,0.33,0.02,0.04,11,0.260171589,1.907647253,0.116618545,2.012999505
Real Estate (Operations & Services),60,449.462,2244.978,213.094,-2031.884,-0.056311268,39237.617,33978.927,-5258.69,-0.161362477,-1625.407,60,0.34,-0.03,0.01,0.0,0.0,0.0,0.0,0.0,0.0,0.05,0.35,0.07,0.66,0.02,0.3,0.02,0.04,60,0.109256121,0.016979693,0.055659656,0.09693828
Recreation,55,1113.226,2588.898,275.35,-2313.548,-0.106295494,11147.416,11874.155,726.739,0.02195984,1879.035,55,0.37,0.01,0.11,0.1,0.09,0.08,0.07,0.08,0.07,0.15,0.37,0.18,0.63,0.03,0.22,0.02,0.03,55,0.103202605,0.160151637,0.072181183,0.18037794
Reinsurance,1,216.0,196.0,0.0,-196.0,-0.053654531,652.0,900.0,248.0,0.055730337,0.0,1,0.16,0.06,0.1,0.1,0.07,0.1,0.07,0.1,0.07,0.06,0.06,0.06,0.84,0.0,0.0,0.0,0.0,1,0.182694451,0.0,0.189659015,0.170938266
Restaurant/Dining,64,9274.738,7833.537,1804.681,-6028.856,0.689445638,12340.973,15305.39,2964.417,0.030738969,4183.058,64,0.32,0.11,0.17,0.16,0.14,0.13,0.12,0.14,0.12,0.18,0.29,0.19,0.68,0.01,0.11,0.01,0.05,64,0.050377754,0.02186804,0.043958052,0.008604289
Retail (Automotive),30,659.238,12229.046,1016.923,-11212.123,-0.466400753,69846.676,77560.116,7713.44,0.091656646,2274.71,30,0.22,0.04,0.06,0.06,0.05,0.06,0.05,0.06,0.05,0.07,0.22,0.07,0.78,0.0,0.15,0.0,0.01,30,0.029356827,0.150846594,0.087313944,0.099833698
Retail (Building Supply),16,11038.8,18403.947,553.293,-17850.654,2.343928201,4576.156,5598.801,1022.645,0.011962243,2801.9,16,0.34,0.08,0.13,0.13,0.11,0.12,0.11,0.12,0.11,0.16,0.36,0.16,0.66,0.0,0.2,0.01,0.01,16,0.015731706,0.161291605,0.087925894,0.084696828
Retail (Distributors),62,3698.29,4072.358,310.009,-3762.349,-0.065302202,44074.783,48837.116,4762.333,0.05995272,2322.298,62,0.32,0.08,0.12,0.12,0.1,0.12,0.1,0.12,0.1,0.13,0.32,0.13,0.68,0.0,0.19,0.0,0.01,62,0.128811081,0.158028348,0.101803832,0.174155047
Retail (General),26,11823.225,8164.626,502.485,-7662.141,-0.027549775,62177.435,55884.28,-6293.155,-0.029093767,18663.721,26,0.31,0.03,0.06,0.04,0.04,0.04,0.03,0.05,0.04,0.07,0.28,0.12,0.69,0.05,0.21,0.02,0.01,26,0.027459595,0.094600111,0.109075053,0.007687614
Retail (Grocery and Food),14,1171.071,983.315,478.27,-505.045,-0.023532051,3656.85,3066.874,-589.976,-0.024472005,344.59,14,0.26,0.01,0.04,0.02,0.02,0.02,0.02,0.03,0.02,0.05,0.26,0.06,0.74,0.01,0.2,0.01,0.01,14,0.014268243,0.055792899,0.051629671,-0.00243239
Retail (REITs),28,8577.606,257.329,7930.84,7673.511,0.090784566,53968.87,58571.0,4602.13,0.043941505,72.43,28,0.78,0.23,0.38,0.37,0.36,0.35,0.34,0.35,0.34,0.66,0.73,0.66,0.22,0.0,0.07,0.01,0.01,28,0.162504019,0.003921519,0.183341371,-0.098708987
Retail (Special Lines),105,6069.07,8685.231,817.768,-7867.463,-0.108816917,24064.324,21516.892,-2547.432,-0.053845056,3752.0,105,0.3,0.01,0.05,0.05,0.04,0.05,0.04,0.05,0.04,0.07,0.31,0.07,0.7,0.0,0.25,0.01,0.05,105,0.023615906,0.135577655,0.09734636,0.050599262
Rubber& Tires,3,0.0,0.0,0.0,0.0,0.0,10784.001,10655.2,-128.801,-0.014861014,70.21,3,0.17,-0.03,0.02,0.02,0.02,0.02,0.02,0.02,0.02,0.09,0.24,0.12,0.83,0.02,0.15,0.0,0.02,3,0.16349297,0.194979515,0.201901251,0.106942122
Semiconductor,63,23975.2,30880.027,3495.239,-27384.788,-0.07040517,39564.868,55955.839,16390.971,0.092337064,695.688,63,0.52,0.16,0.25,0.2,0.19,0.2,0.19,0.21,0.2,0.32,0.41,0.53,0.48,0.21,0.09,0.06,0.01,63,0.129090942,0.189831769,0.084911528,0.224030229
Semiconductor Equip,30,2940.65,8034.527,646.897,-7387.63,-0.166002332,3626.263,2133.848,-1492.415,-0.048654919,170.324,30,0.44,0.18,0.26,0.24,0.21,0.24,0.21,0.25,0.22,0.3,0.39,0.41,0.56,0.1,0.09,0.02,0.01,30,0.188020426,0.231891386,0.058322191,0.345628083
Shipbuilding & Marine,8,169.7,510.948,3.43,-507.518,-0.068588435,633.174,585.036,-48.138,-0.01990497,687.02,8,0.25,0.08,0.11,0.11,0.1,0.12,0.11,0.12,0.11,0.33,0.42,0.33,0.75,0.0,0.09,0.01,0.04,8,0.122916096,0.07854319,0.079525986,0.112998655
Shoe,13,2218.791,814.173,17.56,-796.613,-0.034636251,2288.0,1109.5,-1178.5,-0.094006254,825.71,13,0.45,0.09,0.14,0.12,0.11,0.12,0.11,0.12,0.11,0.13,0.46,0.13,0.55,0.0,0.33,0.01,0.02,13,0.101938421,0.159238261,0.063894223,0.196144457
Software (Entertainment),84,235.41,90230.608,492.176,-89738.432,-0.222196534,19934.036,26704.583,6770.547,0.124705605,6193.528,84,0.63,0.2,0.35,0.27,0.25,0.27,0.25,0.28,0.27,0.29,0.47,0.48,0.37,0.19,0.18,0.09,0.01,84,0.128219691,0.006417224,0.027084674,0.047763248
Software (Internet),35,0.256,5130.626,532.76,-4597.866,-0.161897471,5242.007,5173.335,-68.672,-0.002908775,1487.41,35,0.59,-0.14,0.12,-0.03,-0.03,-0.03,-0.03,-0.01,-0.01,0.01,0.42,0.22,0.41,0.21,0.4,0.16,0.03,35,0.12288851,1.63673e-05,0.042372282,0.096695754
Software (System & Application),351,26468.845,51669.898,11749.602,-39920.296,-0.100343702,35002.797,51147.364,16144.567,0.0548813,3688.946,351,0.72,0.19,0.34,0.25,0.24,0.25,0.24,0.26,0.25,0.29,0.57,0.46,0.28,0.17,0.28,0.09,0.01,351,0.162256425,0.010092106,0.060590608,0.112044527
Steel,29,1786.074,5389.966,91.786,-5298.18,-0.082107955,11871.998,10170.9,-1701.098,-0.067101308,1198.324,29,0.19,0.09,0.12,0.12,0.1,0.12,0.1,0.12,0.1,0.23,0.29,0.23,0.81,0.0,0.06,0.0,0.0,29,0.104778932,0.156573369,0.072445503,0.1902387
Telecom (Wireless),13,859.325,13665.25,0.358,-13664.892,-0.171067107,9794.48,10286.731,492.251,0.005501078,5121.293,13,0.61,0.09,0.18,0.17,0.15,0.15,0.14,0.15,0.14,0.33,0.61,0.33,0.39,0.0,0.28,0.01,0.08,13,0.129748771,0.024094581,0.06348059,0.062680579
Telecom. Equipment,66,7386.13,8288.054,1380.42,-6907.634,-0.105811157,4510.117,4751.235,241.118,0.0058341,934.139,66,0.56,0.14,0.23,0.2,0.18,0.2,0.19,0.21,0.19,0.23,0.44,0.36,0.44,0.13,0.21,0.04,0.01,66,0.170813237,0.120407007,0.062273439,0.230923807
Telecom. Services,42,19163.33,682.048,201.677,-480.371,-0.002048434,38484.861,30558.152,-7926.709,-0.023700062,722.177,42,0.58,0.0,0.21,0.21,0.19,0.21,0.2,0.21,0.2,0.36,0.59,0.37,0.42,0.01,0.23,0.01,0.04,42,0.137139764,0.018708222,0.201683507,-0.032235362
Tobacco,16,14856.91,1120.829,60.484,-1060.345,0.085456471,16459.779,32544.21,16084.431,0.209503908,-57.11,16,0.61,0.28,0.41,0.41,0.37,0.41,0.37,0.41,0.37,0.44,0.64,0.45,0.39,0.01,0.2,0.0,0.01,16,0.075761065,0.218661951,0.070627537,0.153001811
Transportation,36,7039.4,9375.245,941.741,-8433.504,-0.137173906,33795.41,40899.767,7104.357,0.073051791,7262.371,110,0.31,0.06,0.1,0.09,0.08,0.09,0.08,0.09,0.08,0.13,0.25,0.15,0.69,0.01,0.12,0.01,0.04,36,0.113418758,0.002707055,0.054295412,0.064488264
Transportation (Railroads),4,5268.3,6745.0,0.0,-6745.0,-0.176503221,3658.1,4800.8,1142.7,0.016339575,750.8,4,0.5,0.24,0.36,0.35,0.29,0.35,0.29,0.35,0.29,0.5,0.5,0.5,0.5,0.0,0.0,0.0,0.02,4,0.08315688,0.029144829,0.073059245,0.022557472
Trucking,22,842.96,1596.341,27.722,-1568.619,-0.041920388,11254.5,11776.75,522.25,0.021015116,2057.0,22,0.22,0.05,0.09,0.08,0.07,0.09,0.07,0.09,0.07,0.18,0.25,0.18,0.78,0.0,0.07,0.01,0.01,22,0.120963997,0.004198328,0.061144525,0.067480207
Utility (General),14,9662.2,1063.6,2610.0,1546.4,0.010511205,28823.1,46181.6,17358.5,0.075729185,300.0,14,0.41,0.14,0.22,0.22,0.19,0.22,0.19,0.22,0.19,0.32,0.31,0.32,0.59,0.0,-0.01,0.0,0.0,14,0.12519183,0.074102432,0.090687921,0.133701516
Utility (Water),13,1038.29,7.782,2464.16,2456.378,0.14356472,3062.324,3998.941,936.617,0.039543147,-0.492,13,0.56,0.19,0.31,0.31,0.27,0.31,0.27,0.31,0.27,0.43,0.47,0.43,0.45,0.0,0.03,0.01,0.0,13,0.151933228,0.032629158,0.083545391,0.11350574
